-- phpMyAdmin SQL Dump
-- version 3.2.4
-- http://www.phpmyadmin.net
--
-- Host: localhost
-- Generation Time: Jan 13, 2014 at 07:20 AM
-- Server version: 5.1.41
-- PHP Version: 5.3.1

SET SQL_MODE="NO_AUTO_VALUE_ON_ZERO";


/*!40101 SET @OLD_CHARACTER_SET_CLIENT=@@CHARACTER_SET_CLIENT */;
/*!40101 SET @OLD_CHARACTER_SET_RESULTS=@@CHARACTER_SET_RESULTS */;
/*!40101 SET @OLD_COLLATION_CONNECTION=@@COLLATION_CONNECTION */;
/*!40101 SET NAMES utf8 */;

--
-- Database: `payrollv1`
--

-- --------------------------------------------------------

--
-- Table structure for table `charges`
--

DROP TABLE IF EXISTS `charges`;
CREATE TABLE IF NOT EXISTS `charges` (
  `id` int(11) NOT NULL AUTO_INCREMENT,
  `user_id` int(11) NOT NULL,
  `employee_id` int(11) NOT NULL,
  `taken` int(11) NOT NULL,
  `released` int(11) DEFAULT NULL,
  `charged_grade` int(11) NOT NULL,
  `charged_designation` int(11) NOT NULL,
  `basic` varchar(255) COLLATE utf8_unicode_ci NOT NULL,
  `amount` double NOT NULL,
  `on_charge` int(11) NOT NULL,
  `type` tinyint(2) NOT NULL,
  `status` tinyint(3) NOT NULL,
  `created` int(11) NOT NULL,
  `updated` int(11) NOT NULL,
  `terminal` varchar(20) COLLATE utf8_unicode_ci NOT NULL,
  PRIMARY KEY (`id`)
) ENGINE=InnoDB DEFAULT CHARSET=utf8 COLLATE=utf8_unicode_ci AUTO_INCREMENT=1 ;

--
-- Dumping data for table `charges`
--


-- --------------------------------------------------------

--
-- Table structure for table `cpfs`
--

DROP TABLE IF EXISTS `cpfs`;
CREATE TABLE IF NOT EXISTS `cpfs` (
  `id` int(11) NOT NULL AUTO_INCREMENT,
  `user_id` int(11) NOT NULL,
  `employee_id` int(11) NOT NULL,
  `salary_id` int(11) NOT NULL,
  `cpf1` int(11) NOT NULL,
  `cpf2` int(11) NOT NULL,
  `arrear_cpf` int(11) DEFAULT '0',
  `created` int(11) NOT NULL,
  `updated` int(11) NOT NULL,
  `terminal` varchar(20) COLLATE utf8_unicode_ci NOT NULL,
  PRIMARY KEY (`id`)
) ENGINE=InnoDB DEFAULT CHARSET=utf8 COLLATE=utf8_unicode_ci AUTO_INCREMENT=1 ;

--
-- Dumping data for table `cpfs`
--


-- --------------------------------------------------------

--
-- Table structure for table `deductions`
--

DROP TABLE IF EXISTS `deductions`;
CREATE TABLE IF NOT EXISTS `deductions` (
  `id` int(11) NOT NULL AUTO_INCREMENT,
  `user_id` int(11) NOT NULL,
  `designation_id` int(11) NOT NULL,
  `employee_id` int(11) NOT NULL,
  `salary_id` int(11) NOT NULL,
  `grade` int(11) NOT NULL,
  `cpf1` double NOT NULL DEFAULT '0',
  `cpf2` double DEFAULT '0',
  `arrear_cpf` double DEFAULT '0',
  `cpf_loan1` double DEFAULT '0',
  `cpf_loan2` double DEFAULT '0',
  `house_loan` double DEFAULT '0',
  `vehicle_loan` double DEFAULT '0',
  `cpf_interest` double DEFAULT '0',
  `hv_interest` double DEFAULT '0',
  `benevolent_fund` double DEFAULT '0',
  `house_rent_deduct` double DEFAULT '0',
  `transport_bill` double DEFAULT '0',
  `personal_vehicle` double DEFAULT '0',
  `group_insurance` int(11) DEFAULT '0',
  `w_s` double DEFAULT '0',
  `fuel` double DEFAULT '0',
  `overdrawn` double DEFAULT '0',
  `phone_bill` double DEFAULT '0',
  `association` int(11) DEFAULT '0',
  `tax` double DEFAULT '0',
  `miscellaneous_deduct` double DEFAULT '0',
  `total_sub` double NOT NULL,
  `in_word` varchar(255) COLLATE utf8_unicode_ci NOT NULL,
  `status` tinyint(2) NOT NULL,
  `created` int(11) NOT NULL,
  `updated` int(11) NOT NULL,
  `terminal` varchar(20) COLLATE utf8_unicode_ci NOT NULL,
  PRIMARY KEY (`id`)
) ENGINE=InnoDB  DEFAULT CHARSET=utf8 COLLATE=utf8_unicode_ci AUTO_INCREMENT=190 ;

--
-- Dumping data for table `deductions`
--

INSERT INTO `deductions` (`id`, `user_id`, `designation_id`, `employee_id`, `salary_id`, `grade`, `cpf1`, `cpf2`, `arrear_cpf`, `cpf_loan1`, `cpf_loan2`, `house_loan`, `vehicle_loan`, `cpf_interest`, `hv_interest`, `benevolent_fund`, `house_rent_deduct`, `transport_bill`, `personal_vehicle`, `group_insurance`, `w_s`, `fuel`, `overdrawn`, `phone_bill`, `association`, `tax`, `miscellaneous_deduct`, `total_sub`, `in_word`, `status`, `created`, `updated`, `terminal`) VALUES
(1, 1, 1, 1, 1, 1, 3332, 1000, 0, 0, 0, 0, 0, 0, 0, 50, 3000, 0, 0, 15, 0, 0, 0, 0, 100, 0, 0, 7497, '', 1, 1389162322, 1389162322, '192.168.15.6'),
(2, 1, 2, 2, 2, 2, 3090, 928, 0, 0, 0, 0, 0, 0, 0, 50, 0, 0, 0, 15, 0, 0, 0, 0, 100, 0, 0, 4183, '', 1, 1389162344, 1389162344, '192.168.15.6'),
(3, 1, 2, 3, 3, 2, 3290, 988, 0, 0, 0, 0, 0, 0, 0, 50, 0, 0, 0, 15, 0, 0, 0, 0, 100, 0, 0, 4443, '', 1, 1389596703, 1389596703, '192.168.15.92'),
(4, 1, 2, 4, 4, 2, 2891, 868, 0, 0, 0, 0, 0, 0, 0, 50, 0, 0, 0, 15, 0, 0, 0, 0, 100, 0, 0, 3924, '', 1, 1389162416, 1389162416, '192.168.15.6'),
(5, 1, 2, 5, 5, 2, 2965, 890, 0, 0, 0, 0, 0, 0, 0, 50, 0, 0, 0, 15, 0, 0, 0, 0, 100, 0, 0, 4020, '', 1, 1389162473, 1389162473, '192.168.15.6'),
(6, 1, 2, 6, 6, 2, 3090, 928, 0, 0, 0, 0, 0, 0, 0, 50, 0, 0, 0, 15, 0, 0, 0, 0, 100, 0, 0, 4183, '', 1, 1389162508, 1389162508, '192.168.15.6'),
(7, 1, 2, 7, 7, 2, 2782, 835, 0, 0, 0, 0, 0, 0, 0, 50, 0, 0, 0, 15, 0, 0, 0, 0, 100, 0, 0, 3782, '', 1, 1389162525, 1389162525, '192.168.15.6'),
(8, 1, 2, 8, 8, 2, 2691, 808, 0, 0, 0, 0, 0, 0, 0, 50, 0, 0, 0, 15, 0, 0, 0, 0, 100, 0, 0, 3664, '', 1, 1389162561, 1389162561, '192.168.15.6'),
(9, 1, 3, 9, 9, 3, 2965, 890, 0, 0, 0, 0, 0, 0, 0, 50, 0, 0, 0, 15, 0, 0, 0, 0, 100, 0, 0, 4020, '', 1, 1389162583, 1389162583, '192.168.15.6'),
(10, 1, 3, 10, 10, 3, 2728, 819, 0, 0, 0, 0, 0, 0, 0, 50, 0, 0, 0, 15, 0, 0, 0, 0, 100, 0, 0, 3712, '', 1, 1389162605, 1389162605, '192.168.15.6'),
(11, 1, 3, 11, 11, 3, 2782, 835, 0, 0, 0, 0, 0, 0, 0, 50, 0, 0, 0, 15, 0, 0, 0, 0, 100, 0, 0, 3782, '', 1, 1389162632, 1389162632, '192.168.15.6'),
(12, 1, 3, 12, 12, 3, 2782, 835, 0, 0, 0, 0, 0, 0, 0, 50, 0, 0, 0, 15, 0, 0, 0, 0, 100, 0, 0, 3782, '', 1, 1389162714, 1389162714, '192.168.15.6'),
(13, 1, 3, 13, 13, 3, 2228, 669, 0, 0, 0, 0, 0, 0, 0, 50, 0, 0, 0, 15, 0, 0, 0, 0, 100, 0, 0, 3062, '', 1, 1389162735, 1389162735, '192.168.15.6'),
(14, 1, 4, 14, 14, 3, 2782, 835, 0, 0, 0, 0, 0, 0, 0, 50, 0, 0, 0, 15, 0, 0, 0, 0, 100, 0, 0, 3782, '', 1, 1389162773, 1389162773, '192.168.15.6'),
(15, 1, 4, 15, 15, 3, 2782, 835, 0, 0, 0, 0, 0, 0, 0, 50, 0, 0, 0, 15, 0, 0, 0, 0, 100, 0, 0, 3782, '', 1, 1389162818, 1389162818, '192.168.15.6'),
(16, 1, 4, 16, 16, 3, 2782, 835, 0, 0, 0, 0, 0, 0, 0, 50, 0, 0, 0, 15, 0, 0, 0, 0, 100, 0, 0, 3782, '', 1, 1389162848, 1389162848, '192.168.15.6'),
(17, 1, 4, 17, 17, 3, 2691, 808, 0, 0, 0, 0, 0, 0, 0, 50, 0, 0, 0, 15, 0, 0, 0, 0, 100, 0, 0, 3664, '', 1, 1389162887, 1389162887, '192.168.15.6'),
(18, 1, 4, 18, 18, 3, 2599, 780, 0, 0, 0, 0, 0, 0, 0, 50, 0, 0, 0, 15, 0, 0, 0, 0, 100, 0, 0, 3544, '', 1, 1389162919, 1389162919, '192.168.15.6'),
(19, 1, 4, 19, 19, 3, 2645, 794, 0, 0, 0, 0, 0, 0, 0, 50, 0, 0, 0, 15, 0, 0, 0, 0, 100, 0, 0, 3604, '', 1, 1389162935, 1389162935, '192.168.15.6'),
(20, 1, 4, 20, 20, 3, 2965, 890, 0, 0, 0, 0, 0, 0, 0, 50, 0, 0, 0, 15, 0, 0, 0, 0, 100, 0, 0, 4020, '', 1, 1389162951, 1389162951, '192.168.15.6'),
(21, 1, 39, 21, 21, 11, 1133, 0, 0, 0, 0, 0, 0, 0, 0, 50, 0, 0, 0, 0, 0, 0, 0, 0, 0, 0, 0, 1183, '', 1, 1389498942, 1389498942, '192.168.15.90'),
(22, 1, 12, 22, 22, 5, 2153, 646, 0, 0, 0, 0, 0, 0, 0, 50, 0, 0, 0, 15, 0, 0, 0, 0, 100, 0, 0, 2964, '', 1, 1389591124, 1389591124, '192.168.15.92'),
(23, 1, 24, 23, 23, 9, 1599, 480, 0, 0, 0, 0, 0, 0, 0, 50, 0, 0, 0, 15, 0, 0, 0, 0, 100, 0, 0, 2244, '', 1, 1389591343, 1389591343, '192.168.15.92'),
(24, 1, 8, 24, 24, 4, 2228, 669, 0, 0, 0, 0, 0, 0, 0, 50, 0, 0, 0, 15, 0, 0, 0, 0, 100, 0, 0, 3062, '', 1, 1389162988, 1389162988, '192.168.15.6'),
(25, 1, 21, 25, 25, 6, 1483, 445, 0, 0, 0, 0, 0, 0, 0, 50, 0, 0, 0, 15, 0, 0, 0, 0, 100, 0, 0, 2093, '', 1, 1389163166, 1389163166, '192.168.15.6'),
(26, 1, 18, 26, 26, 6, 2274, 683, 0, 0, 0, 0, 0, 0, 0, 50, 0, 0, 0, 15, 0, 0, 0, 0, 100, 0, 0, 3122, '', 1, 1389163070, 1389163070, '192.168.15.6'),
(27, 1, 17, 27, 27, 6, 1483, 445, 0, 0, 0, 0, 0, 0, 0, 50, 0, 0, 0, 15, 0, 0, 0, 0, 100, 0, 0, 2093, '', 1, 1389163031, 1389163031, '192.168.15.6'),
(28, 1, 54, 28, 28, 16, 886, 0, 0, 0, 0, 0, 0, 0, 0, 50, 0, 0, 0, 0, 0, 0, 0, 0, 0, 0, 0, 936, '', 1, 1389517298, 1389517298, '192.168.15.92'),
(29, 1, 54, 29, 29, 16, 886, 0, 0, 0, 0, 0, 0, 0, 0, 50, 0, 0, 0, 0, 0, 0, 0, 0, 0, 0, 0, 936, '', 1, 1389517344, 1389517344, '192.168.15.92'),
(30, 1, 44, 30, 30, 11, 1000, 0, 0, 0, 0, 0, 0, 0, 0, 50, 0, 0, 0, 0, 0, 0, 0, 0, 0, 0, 0, 1050, '', 1, 1389500868, 1389500868, '192.168.15.90'),
(31, 1, 36, 31, 31, 11, 1133, 0, 0, 0, 0, 0, 0, 0, 0, 50, 0, 0, 0, 0, 0, 0, 0, 0, 0, 0, 0, 1183, '', 1, 1389499152, 1389499152, '192.168.15.90'),
(32, 1, 38, 32, 32, 11, 1461, 0, 0, 0, 0, 0, 0, 0, 0, 50, 0, 0, 0, 0, 0, 0, 0, 0, 0, 0, 0, 1511, '', 1, 1389499734, 1389499734, '192.168.15.90'),
(33, 1, 36, 33, 33, 11, 1571, 0, 0, 0, 0, 0, 0, 0, 0, 50, 0, 0, 0, 0, 0, 0, 0, 0, 0, 0, 0, 1621, '', 1, 1389499064, 1389499064, '192.168.15.90'),
(34, 1, 11, 34, 34, 5, 2078, 624, 0, 0, 0, 0, 0, 0, 0, 50, 0, 0, 0, 15, 0, 0, 0, 0, 100, 0, 0, 2867, '', 1, 1389168278, 1389168278, '192.168.15.56'),
(35, 1, 5, 35, 35, 4, 2728, 819, 0, 0, 0, 0, 0, 0, 0, 50, 0, 0, 0, 15, 0, 0, 0, 0, 100, 0, 0, 3712, '', 1, 1389168380, 1389168380, '192.168.15.56'),
(36, 1, 12, 36, 36, 5, 2003, 601, 0, 0, 0, 0, 0, 0, 0, 50, 0, 0, 0, 15, 0, 0, 0, 0, 100, 0, 0, 2769, '', 1, 1389168483, 1389168483, '192.168.15.56'),
(37, 1, 15, 37, 37, 6, 1541, 463, 0, 0, 0, 0, 0, 0, 0, 50, 0, 0, 0, 15, 0, 0, 0, 0, 100, 0, 0, 2169, '', 1, 1389168560, 1389168560, '192.168.15.56'),
(38, 1, 20, 38, 38, 6, 1424, 428, 0, 0, 0, 0, 0, 0, 0, 50, 0, 0, 0, 15, 0, 0, 0, 0, 100, 0, 0, 2017, '', 1, 1389168760, 1389168760, '192.168.15.56'),
(39, 1, 33, 39, 39, 10, 1080, 324, 0, 0, 0, 0, 0, 0, 0, 50, 0, 0, 0, 15, 0, 0, 0, 0, 0, 0, 0, 1469, '', 1, 1389168738, 1389168738, '192.168.15.56'),
(40, 1, 5, 40, 40, 4, 2478, 744, 0, 0, 0, 0, 0, 0, 0, 50, 0, 0, 0, 15, 0, 0, 0, 0, 100, 0, 0, 3387, '', 1, 1389168846, 1389168846, '192.168.15.56'),
(41, 1, 12, 41, 41, 5, 2153, 646, 0, 0, 0, 0, 0, 0, 0, 50, 0, 0, 0, 15, 0, 0, 0, 0, 100, 0, 0, 2964, '', 1, 1389591241, 1389591241, '192.168.15.92'),
(42, 1, 5, 42, 42, 4, 1941, 583, 0, 0, 0, 0, 0, 0, 0, 50, 0, 0, 0, 15, 0, 0, 0, 0, 100, 0, 0, 2689, '', 1, 1389168996, 1389168996, '192.168.15.56'),
(43, 1, 24, 43, 43, 9, 1599, 480, 0, 0, 0, 0, 0, 0, 0, 50, 0, 0, 0, 15, 0, 0, 0, 0, 100, 0, 0, 2244, '', 1, 1389169084, 1389169084, '192.168.15.56'),
(44, 1, 5, 44, 44, 4, 2228, 669, 0, 0, 0, 0, 0, 0, 0, 50, 0, 0, 0, 15, 0, 0, 0, 0, 100, 0, 0, 3062, '', 1, 1389169170, 1389169170, '192.168.15.56'),
(45, 1, 14, 45, 45, 6, 1874, 563, 0, 0, 0, 0, 0, 0, 0, 50, 0, 0, 0, 15, 0, 0, 0, 0, 100, 0, 0, 2602, '', 1, 1389169241, 1389169241, '192.168.15.56'),
(46, 1, 27, 46, 46, 9, 1549, 465, 0, 0, 0, 0, 0, 0, 0, 50, 0, 0, 0, 15, 0, 0, 0, 0, 100, 0, 0, 2179, '', 1, 1389169351, 1389169351, '192.168.15.56'),
(47, 1, 19, 47, 47, 6, 1741, 523, 0, 0, 0, 0, 0, 0, 0, 50, 0, 0, 0, 15, 0, 0, 0, 0, 100, 0, 0, 2429, '', 1, 1389169434, 1389169434, '192.168.15.56'),
(48, 1, 5, 48, 48, 4, 2145, 644, 0, 0, 0, 0, 0, 0, 0, 50, 0, 0, 0, 15, 0, 0, 0, 0, 100, 0, 0, 2954, '', 1, 1389169530, 1389169530, '192.168.15.56'),
(49, 1, 15, 49, 49, 6, 1549, 465, 0, 0, 0, 0, 0, 0, 0, 50, 0, 0, 0, 15, 0, 0, 0, 0, 100, 0, 0, 2179, '', 1, 1389169610, 1389169610, '192.168.15.56'),
(50, 1, 30, 50, 50, 9, 1039, 312, 0, 0, 0, 0, 0, 0, 0, 50, 0, 0, 0, 15, 0, 0, 0, 0, 100, 0, 0, 1516, '', 1, 1389169674, 1389169674, '192.168.15.56'),
(51, 1, 30, 51, 51, 9, 1039, 312, 0, 0, 0, 0, 0, 0, 0, 50, 0, 0, 0, 15, 0, 0, 0, 0, 100, 0, 0, 1516, '', 1, 1389169737, 1389169737, '192.168.15.56'),
(52, 1, 10, 52, 52, 4, 2312, 694, 0, 0, 0, 0, 0, 0, 0, 50, 0, 0, 0, 15, 0, 0, 0, 0, 100, 0, 0, 3171, '', 1, 1389169809, 1389169809, '192.168.15.56'),
(53, 1, 24, 53, 53, 9, 1133, 340, 0, 0, 0, 0, 0, 0, 0, 50, 0, 0, 0, 15, 0, 0, 0, 0, 100, 0, 0, 1638, '', 1, 1389169865, 1389169865, '192.168.15.56'),
(54, 1, 24, 54, 54, 9, 1161, 349, 0, 0, 0, 0, 0, 0, 0, 50, 0, 0, 0, 15, 0, 0, 0, 0, 100, 0, 0, 1675, '', 1, 1389169920, 1389169920, '192.168.15.56'),
(55, 1, 15, 55, 55, 6, 1608, 483, 0, 0, 0, 0, 0, 0, 0, 50, 0, 0, 0, 15, 0, 0, 0, 0, 100, 0, 0, 2256, '', 1, 1389169980, 1389169980, '192.168.15.56'),
(56, 1, 5, 56, 56, 4, 2228, 669, 0, 0, 0, 0, 0, 0, 0, 50, 0, 0, 0, 15, 0, 0, 0, 0, 100, 0, 0, 3062, '', 1, 1389170040, 1389170040, '192.168.15.56'),
(57, 1, 5, 57, 57, 4, 2228, 669, 0, 0, 0, 0, 0, 0, 0, 50, 0, 0, 0, 15, 0, 0, 0, 0, 100, 0, 0, 3062, '', 1, 1389170095, 1389170095, '192.168.15.56'),
(58, 1, 5, 58, 58, 4, 2228, 669, 0, 0, 0, 0, 0, 0, 0, 50, 0, 0, 0, 15, 0, 0, 0, 0, 100, 0, 0, 3062, '', 1, 1389170176, 1389170176, '192.168.15.56'),
(59, 1, 36, 59, 59, 11, 1549, 0, 0, 0, 0, 0, 0, 0, 0, 50, 0, 0, 0, 0, 0, 0, 0, 0, 0, 0, 0, 1599, '', 1, 1389499224, 1389499224, '192.168.15.90'),
(60, 1, 42, 60, 60, 13, 1516, 0, 0, 0, 0, 0, 0, 0, 0, 50, 0, 0, 0, 0, 0, 0, 0, 0, 0, 0, 0, 1566, '', 1, 1389500385, 1389500385, '192.168.15.90'),
(61, 1, 42, 61, 61, 13, 1516, 0, 0, 0, 0, 0, 0, 0, 0, 50, 0, 0, 0, 0, 0, 0, 0, 0, 0, 0, 0, 1566, '', 1, 1389500546, 1389500546, '192.168.15.90'),
(62, 1, 36, 62, 62, 11, 1133, 0, 0, 0, 0, 0, 0, 0, 0, 50, 0, 0, 0, 0, 0, 0, 0, 0, 0, 0, 0, 1183, '', 1, 1389499370, 1389499370, '192.168.15.90'),
(63, 1, 49, 63, 63, 15, 955, 0, 0, 0, 0, 0, 0, 0, 0, 50, 0, 0, 0, 0, 0, 0, 0, 0, 0, 0, 0, 1005, '', 1, 1389501042, 1389501042, '192.168.15.90'),
(64, 1, 45, 64, 64, 14, 1112, 0, 0, 0, 0, 0, 0, 0, 0, 50, 0, 0, 0, 0, 0, 0, 0, 0, 0, 0, 0, 1162, '', 1, 1389500946, 1389500946, '192.168.15.90'),
(65, 1, 55, 65, 65, 16, 955, 0, 0, 0, 0, 0, 0, 0, 0, 50, 0, 0, 0, 0, 0, 0, 0, 0, 0, 0, 0, 1005, '', 1, 1389517395, 1389517395, '192.168.15.92'),
(66, 1, 55, 66, 66, 16, 955, 0, 0, 0, 0, 0, 0, 0, 0, 50, 0, 0, 0, 0, 0, 0, 0, 0, 0, 0, 0, 1005, '', 1, 1389517462, 1389517462, '192.168.15.92'),
(67, 1, 55, 67, 67, 16, 955, 0, 0, 0, 0, 0, 0, 0, 0, 50, 0, 0, 0, 0, 0, 0, 0, 0, 0, 0, 0, 1005, '', 1, 1389517504, 1389517504, '192.168.15.92'),
(68, 1, 55, 68, 68, 16, 920, 0, 0, 0, 0, 0, 0, 0, 0, 50, 0, 0, 0, 0, 0, 0, 0, 0, 0, 0, 0, 970, '', 1, 1389517544, 1389517544, '192.168.15.92'),
(69, 1, 55, 69, 69, 16, 818, 0, 0, 0, 0, 0, 0, 0, 0, 50, 0, 0, 0, 0, 0, 0, 0, 0, 0, 0, 0, 868, '', 1, 1389517589, 1389517589, '192.168.15.92'),
(70, 1, 55, 70, 70, 16, 920, 0, 0, 0, 0, 0, 0, 0, 0, 50, 0, 0, 0, 0, 0, 0, 0, 0, 0, 0, 0, 970, '', 1, 1389517632, 1389517632, '192.168.15.92'),
(71, 1, 40, 71, 71, 13, 955, 0, 0, 0, 0, 0, 0, 0, 0, 50, 0, 0, 0, 0, 0, 0, 0, 0, 0, 0, 0, 1005, '', 1, 1389499989, 1389499989, '192.168.15.90'),
(72, 1, 42, 72, 72, 13, 1299, 0, 0, 0, 0, 0, 0, 0, 0, 50, 0, 0, 0, 0, 0, 0, 0, 0, 0, 0, 0, 1349, '', 1, 1389500597, 1389500597, '192.168.15.90'),
(73, 1, 55, 73, 73, 16, 955, 0, 0, 0, 0, 0, 0, 0, 0, 50, 0, 0, 0, 0, 0, 0, 0, 0, 0, 0, 0, 1005, '', 1, 1389517679, 1389517679, '192.168.15.92'),
(74, 1, 36, 74, 74, 11, 1000, 0, 0, 0, 0, 0, 0, 0, 0, 50, 0, 0, 0, 0, 0, 0, 0, 0, 0, 0, 0, 1050, '', 1, 1389499427, 1389499427, '192.168.15.90'),
(75, 1, 55, 75, 75, 16, 849, 0, 0, 0, 0, 0, 0, 0, 0, 50, 0, 0, 0, 0, 0, 0, 0, 0, 0, 0, 0, 899, '', 1, 1389517756, 1389517756, '192.168.15.92'),
(76, 1, 55, 76, 76, 16, 849, 0, 0, 0, 0, 0, 0, 0, 0, 50, 0, 0, 0, 0, 0, 0, 0, 0, 0, 0, 0, 899, '', 1, 1389517808, 1389517808, '192.168.15.92'),
(77, 1, 53, 77, 77, 15, 1000, 0, 0, 0, 0, 0, 0, 0, 0, 50, 0, 0, 0, 0, 0, 0, 0, 0, 0, 0, 0, 1050, '', 1, 1389514694, 1389514694, '192.168.15.90'),
(78, 1, 50, 78, 78, 15, 1000, 0, 0, 0, 0, 0, 0, 0, 0, 50, 0, 0, 0, 0, 0, 0, 0, 0, 0, 0, 0, 1050, '', 1, 1389501125, 1389501125, '192.168.15.90'),
(79, 1, 50, 79, 79, 15, 1000, 0, 0, 0, 0, 0, 0, 0, 0, 50, 0, 0, 0, 0, 0, 0, 0, 0, 0, 0, 0, 1050, '', 1, 1389501172, 1389501172, '192.168.15.90'),
(80, 1, 50, 80, 80, 15, 1000, 0, 0, 0, 0, 0, 0, 0, 0, 50, 0, 0, 0, 0, 0, 0, 0, 0, 0, 0, 0, 1050, '', 1, 1389501227, 1389501227, '192.168.15.90'),
(81, 1, 50, 81, 81, 15, 1000, 0, 0, 0, 0, 0, 0, 0, 0, 50, 0, 0, 0, 0, 0, 0, 0, 0, 0, 0, 0, 1050, '', 1, 1389501278, 1389501278, '192.168.15.90'),
(82, 1, 50, 82, 82, 15, 1000, 0, 0, 0, 0, 0, 0, 0, 0, 50, 0, 0, 0, 0, 0, 0, 0, 0, 0, 0, 0, 1050, '', 1, 1389501337, 1389501337, '192.168.15.90'),
(83, 1, 58, 83, 83, 16, 849, 0, 0, 0, 0, 0, 0, 0, 0, 50, 0, 0, 0, 0, 0, 0, 0, 0, 0, 0, 0, 899, '', 1, 1389518856, 1389518856, '192.168.15.92'),
(84, 1, 53, 84, 84, 16, 1000, 0, 0, 0, 0, 0, 0, 0, 0, 50, 0, 0, 0, 0, 0, 0, 0, 0, 0, 0, 0, 1050, '', 1, 1389514744, 1389514744, '192.168.15.90'),
(85, 1, 53, 85, 85, 16, 963, 0, 0, 0, 0, 0, 0, 0, 0, 50, 0, 0, 0, 0, 0, 0, 0, 0, 0, 0, 0, 1013, '', 1, 1389514797, 1389514797, '192.168.15.90'),
(86, 1, 53, 86, 86, 16, 1000, 0, 0, 0, 0, 0, 0, 0, 0, 50, 0, 0, 0, 0, 0, 0, 0, 0, 0, 0, 0, 1050, '', 1, 1389514837, 1389514837, '192.168.15.90'),
(87, 1, 53, 87, 87, 15, 1000, 0, 0, 0, 0, 0, 0, 0, 0, 50, 0, 0, 0, 0, 0, 0, 0, 0, 0, 0, 0, 1050, '', 1, 1389514880, 1389514880, '192.168.15.90'),
(88, 1, 53, 88, 88, 16, 963, 0, 0, 0, 0, 0, 0, 0, 0, 50, 0, 0, 0, 0, 0, 0, 0, 0, 0, 0, 0, 1013, '', 1, 1389517033, 1389517033, '192.168.15.92'),
(89, 1, 60, 89, 89, 16, 881, 0, 0, 0, 0, 0, 0, 0, 0, 50, 0, 0, 0, 0, 0, 0, 0, 0, 0, 0, 0, 931, '', 1, 1389519093, 1389519093, '192.168.15.92'),
(90, 1, 57, 90, 90, 16, 881, 0, 0, 0, 0, 0, 0, 0, 0, 50, 0, 0, 0, 0, 0, 0, 0, 0, 0, 0, 0, 931, '', 1, 1389518797, 1389518797, '192.168.15.92'),
(91, 1, 51, 91, 91, 16, 913, 0, 0, 0, 0, 0, 0, 0, 0, 50, 0, 0, 0, 0, 0, 0, 0, 0, 0, 0, 0, 963, '', 1, 1389514537, 1389514537, '192.168.15.90'),
(92, 1, 62, 92, 92, 18, 711, 0, 0, 0, 0, 0, 0, 0, 0, 50, 0, 0, 0, 0, 0, 0, 0, 0, 0, 0, 0, 761, '', 1, 1389519446, 1389519446, '192.168.15.92'),
(93, 1, 65, 93, 93, 20, 687, 0, 0, 0, 0, 0, 0, 0, 0, 50, 0, 0, 0, 0, 0, 0, 0, 0, 0, 0, 0, 737, '', 1, 1389519765, 1389519765, '192.168.15.92'),
(94, 1, 53, 94, 94, 16, 925, 0, 0, 0, 0, 0, 0, 0, 0, 50, 0, 0, 0, 0, 0, 0, 0, 0, 0, 0, 0, 975, '', 1, 1389517113, 1389517113, '192.168.15.92'),
(95, 1, 62, 95, 95, 18, 818, 0, 0, 0, 0, 0, 0, 0, 0, 50, 0, 0, 0, 0, 0, 0, 0, 0, 0, 0, 0, 868, '', 1, 1389519507, 1389519507, '192.168.15.92'),
(96, 1, 59, 96, 96, 16, 818, 0, 0, 0, 0, 0, 0, 0, 0, 50, 0, 0, 0, 0, 0, 0, 0, 0, 0, 0, 0, 868, '', 1, 1389518914, 1389518914, '192.168.15.92'),
(97, 1, 65, 97, 97, 20, 667, 0, 0, 0, 0, 0, 0, 0, 0, 50, 0, 0, 0, 0, 0, 0, 0, 0, 0, 0, 0, 717, '', 1, 1389519832, 1389519832, '192.168.15.92'),
(98, 1, 65, 98, 98, 20, 647, 0, 0, 0, 0, 0, 0, 0, 0, 50, 0, 0, 0, 0, 0, 0, 0, 0, 0, 0, 0, 697, '', 1, 1389521115, 1389521115, '192.168.15.92'),
(99, 1, 65, 99, 99, 20, 625, 0, 0, 0, 0, 0, 0, 0, 0, 50, 0, 0, 0, 0, 0, 0, 0, 0, 0, 0, 0, 675, '', 1, 1389521210, 1389521210, '192.168.15.92'),
(100, 1, 65, 100, 100, 20, 667, 0, 0, 0, 0, 0, 0, 0, 0, 50, 0, 0, 0, 0, 0, 0, 0, 0, 0, 0, 0, 717, '', 1, 1389521372, 1389521372, '192.168.15.92'),
(101, 1, 65, 101, 101, 20, 625, 0, 0, 0, 0, 0, 0, 0, 0, 50, 0, 0, 0, 0, 0, 0, 0, 0, 0, 0, 0, 675, '', 1, 1389521450, 1389521450, '192.168.15.92'),
(102, 1, 65, 102, 102, 20, 625, 0, 0, 0, 0, 0, 0, 0, 0, 50, 0, 0, 0, 0, 0, 0, 0, 0, 0, 0, 0, 675, '', 1, 1389521587, 1389521587, '192.168.15.92'),
(103, 1, 65, 103, 103, 20, 603, 0, 0, 0, 0, 0, 0, 0, 0, 50, 0, 0, 0, 0, 0, 0, 0, 0, 0, 0, 0, 653, '', 1, 1389521645, 1389521645, '192.168.15.92'),
(104, 1, 65, 104, 104, 20, 608, 0, 0, 0, 0, 0, 0, 0, 0, 50, 0, 0, 0, 0, 0, 0, 0, 0, 0, 0, 0, 658, '', 1, 1389521688, 1389521688, '192.168.15.92'),
(105, 1, 55, 105, 105, 16, 818, 0, 0, 0, 0, 0, 0, 0, 0, 50, 0, 0, 0, 0, 0, 0, 0, 0, 0, 0, 0, 868, '', 1, 1389517885, 1389517885, '192.168.15.92'),
(106, 1, 55, 106, 106, 16, 818, 0, 0, 0, 0, 0, 0, 0, 0, 50, 0, 0, 0, 0, 0, 0, 0, 0, 0, 0, 0, 868, '', 1, 1389517934, 1389517934, '192.168.15.92'),
(107, 1, 61, 107, 107, 18, 737, 0, 0, 0, 0, 0, 0, 0, 0, 50, 0, 0, 0, 0, 0, 0, 0, 0, 0, 0, 0, 787, '', 1, 1389519275, 1389519275, '192.168.15.92'),
(108, 1, 65, 108, 108, 20, 603, 0, 0, 0, 0, 0, 0, 0, 0, 50, 0, 0, 0, 0, 0, 0, 0, 0, 0, 0, 0, 653, '', 1, 1389521732, 1389521732, '192.168.15.92'),
(109, 1, 65, 109, 109, 20, 625, 0, 0, 0, 0, 0, 0, 0, 0, 50, 0, 0, 0, 0, 0, 0, 0, 0, 0, 0, 0, 675, '', 1, 1389521780, 1389521780, '192.168.15.92'),
(110, 1, 65, 110, 110, 20, 625, 0, 0, 0, 0, 0, 0, 0, 0, 50, 0, 0, 0, 0, 0, 0, 0, 0, 0, 0, 0, 675, '', 1, 1389521822, 1389521822, '192.168.15.92'),
(111, 1, 65, 111, 111, 20, 625, 0, 0, 0, 0, 0, 0, 0, 0, 50, 0, 0, 0, 0, 0, 0, 0, 0, 0, 0, 0, 675, '', 1, 1389587252, 1389587252, '192.168.15.92'),
(112, 1, 61, 112, 112, 18, 737, 0, 0, 0, 0, 0, 0, 0, 0, 50, 0, 0, 0, 0, 0, 0, 0, 0, 0, 0, 0, 787, '', 1, 1389519351, 1389519351, '192.168.15.92'),
(113, 1, 65, 113, 113, 20, 625, 0, 0, 0, 0, 0, 0, 0, 0, 50, 0, 0, 0, 0, 0, 0, 0, 0, 0, 0, 0, 675, '', 1, 1389587310, 1389587310, '192.168.15.92'),
(114, 1, 70, 114, 114, 18, 818, 0, 0, 0, 0, 0, 0, 0, 0, 50, 0, 0, 0, 0, 0, 0, 0, 0, 0, 0, 0, 868, '', 1, 1389592153, 1389592153, '192.168.15.92'),
(115, 1, 65, 115, 115, 20, 625, 0, 0, 0, 0, 0, 0, 0, 0, 50, 0, 0, 0, 0, 0, 0, 0, 0, 0, 0, 0, 675, '', 1, 1389587360, 1389587360, '192.168.15.92'),
(116, 1, 65, 116, 116, 20, 625, 0, 0, 0, 0, 0, 0, 0, 0, 50, 0, 0, 0, 0, 0, 0, 0, 0, 0, 0, 0, 675, '', 1, 1389587422, 1389587422, '192.168.15.92'),
(117, 1, 65, 117, 117, 20, 625, 0, 0, 0, 0, 0, 0, 0, 0, 50, 0, 0, 0, 0, 0, 0, 0, 0, 0, 0, 0, 675, '', 1, 1389587474, 1389587474, '192.168.15.92'),
(118, 1, 65, 118, 118, 20, 625, 0, 0, 0, 0, 0, 0, 0, 0, 50, 0, 0, 0, 0, 0, 0, 0, 0, 0, 0, 0, 675, '', 1, 1389587539, 1389587539, '192.168.15.92'),
(119, 1, 63, 119, 119, 18, 818, 0, 0, 0, 0, 0, 0, 0, 0, 50, 0, 0, 0, 0, 0, 0, 0, 0, 0, 0, 0, 868, '', 1, 1389519575, 1389519575, '192.168.15.92'),
(120, 1, 66, 120, 120, 20, 625, 0, 0, 0, 0, 0, 0, 0, 0, 50, 0, 0, 0, 0, 0, 0, 0, 0, 0, 0, 0, 675, '', 1, 1389589011, 1389589011, '192.168.15.92'),
(121, 1, 68, 121, 121, 20, 625, 0, 0, 0, 0, 0, 0, 0, 0, 50, 0, 0, 0, 0, 0, 0, 0, 0, 0, 0, 0, 675, '', 1, 1389589636, 1389589636, '192.168.15.92'),
(122, 1, 68, 122, 122, 20, 603, 0, 0, 0, 0, 0, 0, 0, 0, 50, 0, 0, 0, 0, 0, 0, 0, 0, 0, 0, 0, 653, '', 1, 1389589764, 1389589764, '192.168.15.92'),
(123, 1, 66, 123, 123, 20, 667, 0, 0, 0, 0, 0, 0, 0, 0, 50, 0, 0, 0, 0, 0, 0, 0, 0, 0, 0, 0, 717, '', 1, 1389589066, 1389589066, '192.168.15.92'),
(124, 1, 55, 124, 124, 16, 818, 0, 0, 0, 0, 0, 0, 0, 0, 50, 0, 0, 0, 0, 0, 0, 0, 0, 0, 0, 0, 868, '', 1, 1389517984, 1389517984, '192.168.15.92'),
(125, 1, 65, 125, 125, 20, 603, 0, 0, 0, 0, 0, 0, 0, 0, 50, 0, 0, 0, 0, 0, 0, 0, 0, 0, 0, 0, 653, '', 1, 1389587605, 1389587605, '192.168.15.92'),
(126, 1, 69, 126, 126, 20, 625, 0, 0, 0, 0, 0, 0, 0, 0, 50, 0, 0, 0, 0, 0, 0, 0, 0, 0, 0, 0, 675, '', 1, 1389590213, 1389590213, '192.168.15.92'),
(127, 1, 36, 127, 127, 11, 1000, 0, 0, 0, 0, 0, 0, 0, 0, 50, 0, 0, 0, 0, 0, 0, 0, 0, 0, 0, 0, 1050, '', 1, 1389592640, 1389592640, '192.168.15.6'),
(128, 1, 55, 128, 128, 16, 849, 0, 0, 0, 0, 0, 0, 0, 0, 50, 0, 0, 0, 0, 0, 0, 0, 0, 0, 0, 0, 899, '', 1, 1389518046, 1389518046, '192.168.15.92'),
(129, 1, 55, 129, 129, 16, 818, 0, 0, 0, 0, 0, 0, 0, 0, 50, 0, 0, 0, 0, 0, 0, 0, 0, 0, 0, 0, 868, '', 1, 1389518094, 1389518094, '192.168.15.92'),
(130, 1, 55, 130, 130, 16, 818, 0, 0, 0, 0, 0, 0, 0, 0, 50, 0, 0, 0, 0, 0, 0, 0, 0, 0, 0, 0, 868, '', 1, 1389518137, 1389518137, '192.168.15.92'),
(131, 1, 55, 131, 131, 16, 818, 0, 0, 0, 0, 0, 0, 0, 0, 50, 0, 0, 0, 0, 0, 0, 0, 0, 0, 0, 0, 868, '', 1, 1389518202, 1389518202, '192.168.15.92'),
(132, 1, 55, 132, 132, 16, 818, 0, 0, 0, 0, 0, 0, 0, 0, 50, 0, 0, 0, 0, 0, 0, 0, 0, 0, 0, 0, 868, '', 1, 1389518262, 1389518262, '192.168.15.92'),
(133, 1, 52, 133, 133, 16, 878, 0, 0, 0, 0, 0, 0, 0, 0, 50, 0, 0, 0, 0, 0, 0, 0, 0, 0, 0, 0, 928, '', 1, 1389514645, 1389514645, '192.168.15.90'),
(134, 1, 63, 134, 134, 18, 711, 0, 0, 0, 0, 0, 0, 0, 0, 50, 0, 0, 0, 0, 0, 0, 0, 0, 0, 0, 0, 761, '', 1, 1389519681, 1389519681, '192.168.15.92'),
(135, 1, 65, 135, 135, 20, 625, 0, 0, 0, 0, 0, 0, 0, 0, 50, 0, 0, 0, 0, 0, 0, 0, 0, 0, 0, 0, 675, '', 1, 1389587649, 1389587649, '192.168.15.92'),
(136, 1, 65, 136, 136, 20, 625, 0, 0, 0, 0, 0, 0, 0, 0, 50, 0, 0, 0, 0, 0, 0, 0, 0, 0, 0, 0, 675, '', 1, 1389587706, 1389587706, '192.168.15.92'),
(137, 1, 65, 137, 137, 20, 625, 0, 0, 0, 0, 0, 0, 0, 0, 50, 0, 0, 0, 0, 0, 0, 0, 0, 0, 0, 0, 675, '', 1, 1389587753, 1389587753, '192.168.15.92'),
(138, 1, 65, 138, 138, 20, 625, 0, 0, 0, 0, 0, 0, 0, 0, 50, 0, 0, 0, 0, 0, 0, 0, 0, 0, 0, 0, 675, '', 1, 1389587810, 1389587810, '192.168.15.92'),
(139, 1, 55, 139, 139, 16, 818, 0, 0, 0, 0, 0, 0, 0, 0, 50, 0, 0, 0, 0, 0, 0, 0, 0, 0, 0, 0, 868, '', 1, 1389518421, 1389518421, '192.168.15.92'),
(140, 1, 65, 140, 140, 20, 625, 0, 0, 0, 0, 0, 0, 0, 0, 50, 0, 0, 0, 0, 0, 0, 0, 0, 0, 0, 0, 675, '', 1, 1389587855, 1389587855, '192.168.15.92'),
(141, 1, 69, 141, 141, 20, 625, 0, 0, 0, 0, 0, 0, 0, 0, 50, 0, 0, 0, 0, 0, 0, 0, 0, 0, 0, 0, 675, '', 1, 1389590312, 1389590312, '192.168.15.92'),
(142, 1, 67, 142, 142, 20, 625, 0, 0, 0, 0, 0, 0, 0, 0, 50, 0, 0, 0, 0, 0, 0, 0, 0, 0, 0, 0, 675, '', 1, 1389589370, 1389589370, '192.168.15.92'),
(143, 1, 65, 143, 143, 20, 625, 0, 0, 0, 0, 0, 0, 0, 0, 50, 0, 0, 0, 0, 0, 0, 0, 0, 0, 0, 0, 675, '', 1, 1389587910, 1389587910, '192.168.15.92'),
(144, 1, 66, 144, 144, 20, 625, 0, 0, 0, 0, 0, 0, 0, 0, 50, 0, 0, 0, 0, 0, 0, 0, 0, 0, 0, 0, 675, '', 1, 1389589119, 1389589119, '192.168.15.92'),
(145, 1, 55, 145, 145, 16, 818, 0, 0, 0, 0, 0, 0, 0, 0, 50, 0, 0, 0, 0, 0, 0, 0, 0, 0, 0, 0, 868, '', 1, 1389518493, 1389518493, '192.168.15.92'),
(146, 1, 65, 146, 146, 20, 625, 0, 0, 0, 0, 0, 0, 0, 0, 50, 0, 0, 0, 0, 0, 0, 0, 0, 0, 0, 0, 675, '', 1, 1389588006, 1389588006, '192.168.15.92'),
(147, 1, 50, 147, 147, 15, 963, 0, 0, 0, 0, 0, 0, 0, 0, 50, 0, 0, 0, 0, 0, 0, 0, 0, 0, 0, 0, 1013, '', 1, 1389501406, 1389501406, '192.168.15.90'),
(148, 1, 56, 148, 148, 16, 810, 0, 0, 0, 0, 0, 0, 0, 0, 50, 0, 0, 0, 0, 0, 0, 0, 0, 0, 0, 0, 860, '', 1, 1389518724, 1389518724, '192.168.15.92'),
(149, 1, 40, 149, 149, 13, 990, 0, 0, 0, 0, 0, 0, 0, 0, 50, 0, 0, 0, 0, 0, 0, 0, 0, 0, 0, 0, 1040, '', 1, 1389500076, 1389500076, '192.168.15.90'),
(150, 1, 40, 150, 150, 13, 990, 0, 0, 0, 0, 0, 0, 0, 0, 50, 0, 0, 0, 0, 0, 0, 0, 0, 0, 0, 0, 1040, '', 1, 1389500136, 1389500136, '192.168.15.90'),
(151, 1, 68, 151, 151, 20, 603, 0, 0, 0, 0, 0, 0, 0, 0, 50, 0, 0, 0, 0, 0, 0, 0, 0, 0, 0, 0, 653, '', 1, 1389589866, 1389589866, '192.168.15.92'),
(152, 1, 66, 152, 152, 20, 603, 0, 0, 0, 0, 0, 0, 0, 0, 50, 0, 0, 0, 0, 0, 0, 0, 0, 0, 0, 0, 653, '', 1, 1389589187, 1389589187, '192.168.15.92'),
(153, 1, 66, 153, 153, 20, 603, 0, 0, 0, 0, 0, 0, 0, 0, 50, 0, 0, 0, 0, 0, 0, 0, 0, 0, 0, 0, 653, '', 1, 1389589239, 1389589239, '192.168.15.92'),
(154, 1, 69, 154, 154, 20, 603, 0, 0, 0, 0, 0, 0, 0, 0, 50, 0, 0, 0, 0, 0, 0, 0, 0, 0, 0, 0, 653, '', 1, 1389590384, 1389590384, '192.168.15.92'),
(155, 1, 67, 155, 155, 20, 603, 0, 0, 0, 0, 0, 0, 0, 0, 50, 0, 0, 0, 0, 0, 0, 0, 0, 0, 0, 0, 653, '', 1, 1389589467, 1389589467, '192.168.15.92'),
(156, 1, 69, 156, 156, 20, 603, 0, 0, 0, 0, 0, 0, 0, 0, 50, 0, 0, 0, 0, 0, 0, 0, 0, 0, 0, 0, 653, '', 1, 1389590455, 1389590455, '192.168.15.92'),
(157, 1, 65, 157, 157, 20, 603, 0, 0, 0, 0, 0, 0, 0, 0, 50, 0, 0, 0, 0, 0, 0, 0, 0, 0, 0, 0, 653, '', 1, 1389588117, 1389588117, '192.168.15.92'),
(158, 1, 50, 158, 158, 15, 925, 0, 0, 0, 0, 0, 0, 0, 0, 50, 0, 0, 0, 0, 0, 0, 0, 0, 0, 0, 0, 975, '', 1, 1389501460, 1389501460, '192.168.15.90'),
(159, 1, 50, 159, 159, 15, 925, 0, 0, 0, 0, 0, 0, 0, 0, 50, 0, 0, 0, 0, 0, 0, 0, 0, 0, 0, 0, 975, '', 1, 1389501502, 1389501502, '192.168.15.90'),
(160, 1, 69, 160, 160, 20, 603, 0, 0, 0, 0, 0, 0, 0, 0, 50, 0, 0, 0, 0, 0, 0, 0, 0, 0, 0, 0, 653, '', 1, 1389590515, 1389590515, '192.168.15.92'),
(161, 1, 65, 161, 161, 20, 603, 0, 0, 0, 0, 0, 0, 0, 0, 50, 0, 0, 0, 0, 0, 0, 0, 0, 0, 0, 0, 653, '', 1, 1389588209, 1389588209, '192.168.15.92'),
(162, 1, 65, 162, 162, 20, 603, 0, 0, 0, 0, 0, 0, 0, 0, 50, 0, 0, 0, 0, 0, 0, 0, 0, 0, 0, 0, 653, '', 1, 1389588322, 1389588322, '192.168.15.92'),
(163, 1, 55, 163, 163, 16, 818, 0, 0, 0, 0, 0, 0, 0, 0, 50, 0, 0, 0, 0, 0, 0, 0, 0, 0, 0, 0, 868, '', 1, 1389518541, 1389518541, '192.168.15.92'),
(164, 1, 65, 164, 164, 20, 603, 0, 0, 0, 0, 0, 0, 0, 0, 50, 0, 0, 0, 0, 0, 0, 0, 0, 0, 0, 0, 653, '', 1, 1389588585, 1389588585, '192.168.15.92'),
(165, 1, 66, 165, 165, 20, 603, 0, 0, 0, 0, 0, 0, 0, 0, 50, 0, 0, 0, 0, 0, 0, 0, 0, 0, 0, 0, 653, '', 1, 1389589286, 1389589286, '192.168.15.92'),
(166, 1, 65, 166, 166, 20, 603, 0, 0, 0, 0, 0, 0, 0, 0, 50, 0, 0, 0, 0, 0, 0, 0, 0, 0, 0, 0, 653, '', 1, 1389588639, 1389588639, '192.168.15.92'),
(167, 1, 68, 167, 167, 20, 603, 0, 0, 0, 0, 0, 0, 0, 0, 50, 0, 0, 0, 0, 0, 0, 0, 0, 0, 0, 0, 653, '', 1, 1389590037, 1389590037, '192.168.15.92'),
(168, 1, 65, 168, 168, 20, 603, 0, 0, 0, 0, 0, 0, 0, 0, 50, 0, 0, 0, 0, 0, 0, 0, 0, 0, 0, 0, 653, '', 1, 1389588708, 1389588708, '192.168.15.92'),
(169, 1, 68, 169, 169, 20, 603, 0, 0, 0, 0, 0, 0, 0, 0, 50, 0, 0, 0, 0, 0, 0, 0, 0, 0, 0, 0, 653, '', 1, 1389590122, 1389590122, '192.168.15.92'),
(170, 1, 59, 170, 170, 16, 786, 0, 0, 0, 0, 0, 0, 0, 0, 50, 0, 0, 0, 0, 0, 0, 0, 0, 0, 0, 0, 836, '', 1, 1389518976, 1389518976, '192.168.15.92'),
(171, 1, 65, 171, 171, 20, 603, 0, 0, 0, 0, 0, 0, 0, 0, 50, 0, 0, 0, 0, 0, 0, 0, 0, 0, 0, 0, 653, '', 1, 1389588772, 1389588772, '192.168.15.92'),
(172, 1, 55, 172, 172, 16, 818, 0, 0, 0, 0, 0, 0, 0, 0, 50, 0, 0, 0, 0, 0, 0, 0, 0, 0, 0, 0, 868, '', 1, 1389518624, 1389518624, '192.168.15.92'),
(173, 1, 55, 173, 173, 16, 818, 0, 0, 0, 0, 0, 0, 0, 0, 50, 0, 0, 0, 0, 0, 0, 0, 0, 0, 0, 0, 868, '', 1, 1389518665, 1389518665, '192.168.15.92'),
(174, 1, 50, 174, 174, 15, 925, 0, 0, 0, 0, 0, 0, 0, 0, 50, 0, 0, 0, 0, 0, 0, 0, 0, 0, 0, 0, 975, '', 1, 1389501573, 1389501573, '192.168.15.90'),
(175, 1, 65, 175, 175, 20, 581, 0, 0, 0, 0, 0, 0, 0, 0, 50, 0, 0, 0, 0, 0, 0, 0, 0, 0, 0, 0, 631, '', 1, 1389588899, 1389588899, '192.168.15.92'),
(176, 1, 65, 176, 176, 20, 581, 0, 0, 0, 0, 0, 0, 0, 0, 50, 0, 0, 0, 0, 0, 0, 0, 0, 0, 0, 0, 631, '', 1, 1389588951, 1389588951, '192.168.15.92'),
(177, 1, 69, 177, 177, 20, 581, 0, 0, 0, 0, 0, 0, 0, 0, 50, 0, 0, 0, 0, 0, 0, 0, 0, 0, 0, 0, 631, '', 1, 1389590573, 1389590573, '192.168.15.92'),
(178, 1, 42, 178, 178, 13, 761, 0, 0, 0, 0, 0, 0, 0, 0, 50, 0, 0, 0, 0, 0, 0, 0, 0, 0, 0, 0, 811, '', 1, 1389500789, 1389500789, '192.168.15.90'),
(179, 1, 41, 179, 179, 13, 602, 0, 0, 0, 0, 0, 0, 0, 0, 50, 0, 0, 0, 0, 0, 0, 0, 0, 0, 0, 0, 652, '', 1, 1389500207, 1389500207, '192.168.15.90'),
(180, 1, 38, 180, 180, 11, 602, 0, 0, 0, 0, 0, 0, 0, 0, 50, 0, 0, 0, 0, 0, 0, 0, 0, 0, 0, 0, 652, '', 1, 1389499921, 1389499921, '192.168.15.90'),
(181, 1, 41, 181, 181, 13, 487, 0, 0, 0, 0, 0, 0, 0, 0, 50, 0, 0, 0, 0, 0, 0, 0, 0, 0, 0, 0, 537, '', 1, 1389500272, 1389500272, '192.168.15.90'),
(182, 1, 53, 182, 182, 16, 432, 0, 0, 0, 0, 0, 0, 0, 0, 50, 0, 0, 0, 0, 0, 0, 0, 0, 0, 0, 0, 482, '', 1, 1389517176, 1389517176, '192.168.15.92'),
(183, 1, 53, 183, 183, 16, 432, 0, 0, 0, 0, 0, 0, 0, 0, 50, 0, 0, 0, 0, 0, 0, 0, 0, 0, 0, 0, 482, '', 1, 1389517225, 1389517225, '192.168.15.92'),
(184, 1, 60, 184, 184, 16, 414, 0, 0, 0, 0, 0, 0, 0, 0, 49.65, 0, 0, 0, 0, 0, 0, 0, 0, 0, 0, 0, 463.65, '', 1, 1389519180, 1389519180, '192.168.15.92'),
(185, 1, 55, 185, 185, 16, 619, 0, 0, 0, 0, 0, 0, 0, 0, 50, 0, 0, 0, 0, 0, 0, 0, 0, 0, 0, 0, 669, '', 1, 1389592009, 1389592009, '192.168.15.92'),
(186, 1, 38, 186, 186, 20, 625, 0, 0, 0, 0, 0, 0, 0, 0, 50, 0, 0, 0, 0, 0, 0, 0, 0, 0, 0, 0, 675, '', 1, 1389595371, 1389595371, '192.168.15.92'),
(187, 1, 34, 187, 187, 10, 1541, 463, 0, 0, 0, 0, 0, 0, 0, 50, 0, 0, 0, 15, 0, 0, 0, 0, 0, 0, 0, 2069, '', 1, 1389597529, 1389597529, '192.168.15.92'),
(188, 1, 22, 188, 188, 6, 1499, 450, 0, 0, 0, 0, 0, 0, 0, 50, 0, 0, 0, 15, 0, 0, 0, 0, 100, 0, 0, 2114, '', 1, 1389597466, 1389597466, '192.168.15.92'),
(189, 1, 3, 189, 189, 3, 2691, 808, 0, 0, 0, 0, 0, 0, 0, 50, 0, 0, 0, 15, 0, 0, 0, 0, 100, 0, 0, 3664, '', 1, 1389597499, 1389597499, '192.168.15.92');

-- --------------------------------------------------------

--
-- Table structure for table `deputations`
--

DROP TABLE IF EXISTS `deputations`;
CREATE TABLE IF NOT EXISTS `deputations` (
  `id` int(11) NOT NULL AUTO_INCREMENT,
  `user_id` int(11) NOT NULL,
  `employee_id` int(11) NOT NULL,
  `taken` int(11) NOT NULL,
  `released` int(11) DEFAULT NULL,
  `deputate_grade` int(11) NOT NULL,
  `deputate_designation` int(11) NOT NULL,
  `organization` varchar(255) COLLATE utf8_unicode_ci NOT NULL,
  `basic` varchar(255) COLLATE utf8_unicode_ci NOT NULL,
  `ctype` tinyint(2) NOT NULL DEFAULT '1',
  `percentage` double NOT NULL DEFAULT '8.33',
  `percentage2` double DEFAULT NULL,
  `amount` double NOT NULL,
  `on_charge` int(11) NOT NULL,
  `type` tinyint(2) NOT NULL,
  `status` tinyint(3) NOT NULL,
  `created` int(11) NOT NULL,
  `updated` int(11) NOT NULL,
  `terminal` varchar(20) COLLATE utf8_unicode_ci NOT NULL,
  PRIMARY KEY (`id`)
) ENGINE=InnoDB DEFAULT CHARSET=utf8 COLLATE=utf8_unicode_ci AUTO_INCREMENT=1 ;

--
-- Dumping data for table `deputations`
--


-- --------------------------------------------------------

--
-- Table structure for table `designations`
--

DROP TABLE IF EXISTS `designations`;
CREATE TABLE IF NOT EXISTS `designations` (
  `id` int(11) NOT NULL AUTO_INCREMENT,
  `title` varchar(255) COLLATE utf8_unicode_ci NOT NULL,
  `grade` int(11) NOT NULL,
  `status` tinyint(2) NOT NULL DEFAULT '1',
  `created` int(11) NOT NULL,
  `updated` int(11) NOT NULL,
  `terminal` varchar(20) COLLATE utf8_unicode_ci NOT NULL,
  PRIMARY KEY (`id`)
) ENGINE=InnoDB  DEFAULT CHARSET=utf8 COLLATE=utf8_unicode_ci AUTO_INCREMENT=71 ;

--
-- Dumping data for table `designations`
--

INSERT INTO `designations` (`id`, `title`, `grade`, `status`, `created`, `updated`, `terminal`) VALUES
(1, 'Executive Chairman', 1, 1, 1379400704, 1379400704, '::1'),
(2, 'Member Director', 2, 1, 1379400704, 1379400704, '::1'),
(3, 'Director', 3, 1, 1379400704, 1379400704, '::1'),
(4, 'Chief Scientific Officer', 3, 1, 1379400704, 1379400704, '::1'),
(5, 'Principal Scientific Officer', 4, 1, 1379400704, 1379400704, '::1'),
(6, 'Principal Training Officer', 4, 1, 1379400704, 1379400704, '::1'),
(7, 'Principal Technical Officer', 4, 1, 1379400704, 1379400704, '::1'),
(8, 'Principal Documentation Officer', 4, 1, 1379400704, 1379400704, '::1'),
(9, 'Principal Librarian', 4, 1, 1379400704, 1379400704, '::1'),
(10, 'Senior System Analyst', 4, 1, 1379400704, 1379400704, '::1'),
(11, 'System Analyst/ Senior Programmer', 5, 1, 1379400704, 1379400704, '::1'),
(12, 'Deputy Director', 5, 1, 1379400704, 1379400704, '::1'),
(13, 'Senior Scientific Officer', 6, 1, 1379400704, 1379400704, '::1'),
(14, 'Senior Training Officer', 6, 1, 1379400704, 1379400704, '::1'),
(15, 'Senior Assistant Director', 6, 1, 1379400704, 1379400704, '::1'),
(16, 'Protocol Officer', 6, 1, 1379400704, 1379400704, '::1'),
(17, 'Executive Engineer', 6, 1, 1379400704, 1379400704, '::1'),
(18, 'Programmer', 6, 1, 1379400704, 1379400704, '::1'),
(19, 'Senior Scientific Editor', 6, 1, 1379400704, 1379400704, '::1'),
(20, 'Senior Documentation Officer', 6, 1, 1379400704, 1379400704, '::1'),
(21, 'Senior Reprography Officer', 6, 1, 1379400704, 1379400704, '::1'),
(22, 'MEDICAL OFFICER (PART TIME)', 6, 1, 1379400704, 1379400704, '::1'),
(23, 'Senior Reprografic Officer', 7, 1, 1379400704, 1379400704, '::1'),
(24, 'Assistant Director', 8, 1, 1379400704, 1379400704, '::1'),
(25, 'Graphic Designer', 9, 1, 1379400704, 1379400704, '::1'),
(26, 'Assistant director', 9, 1, 1379400704, 1379400704, '::1'),
(27, 'Personal Secretary', 9, 1, 1379400704, 1379400704, '::1'),
(28, 'Bibliography Officer', 9, 1, 1379400704, 1379400704, '::1'),
(29, 'Information Officer', 9, 1, 1379400704, 1379400704, '::1'),
(30, 'Data Entry Officer', 9, 1, 1379400704, 1379400704, '::1'),
(31, 'Junior Bibliography Officer', 10, 1, 1379400704, 1379400704, '::1'),
(32, 'Vehicle Visitor', 10, 1, 1379400704, 1379400704, '::1'),
(33, 'Secuirity Officer', 10, 1, 1379400704, 1379400704, '::1'),
(34, 'Site Engineer', 10, 1, 1379400704, 1379400704, '::1'),
(35, 'Maintenance Inspector', 10, 1, 1379400704, 1379400704, '::1'),
(36, 'Head Assistant', 11, 1, 1379400704, 1379400704, '::1'),
(37, 'Head Cashier', 11, 1, 1379400704, 1379400704, '::1'),
(38, 'Word Processing Assistant', 11, 1, 1379400704, 1379400704, '::1'),
(39, 'Accountant', 11, 1, 1379400704, 1379400704, '::1'),
(40, 'Assistant', 13, 1, 1379400704, 1379400704, '::1'),
(41, 'Accounts Assistant/ Auditor', 13, 1, 1379400704, 1379400704, '::1'),
(42, 'PA/ Stenographer', 13, 1, 1379400704, 1379400704, '::1'),
(43, 'Data Encoder', 13, 1, 1379400704, 1379400704, '::1'),
(44, 'Cataloger', 14, 1, 1379400704, 1379400704, '::1'),
(45, 'Proof Reader', 14, 1, 1379400704, 1379400704, '::1'),
(46, 'Upperdivision Assistant', 14, 1, 1379400704, 1379400704, '::1'),
(47, 'Micrography Assistant', 15, 1, 1379400704, 1379400704, '::1'),
(48, 'Auduo Visual Assistant', 15, 1, 1379400704, 1379400704, '::1'),
(49, 'PA Sustem Operator', 15, 1, 1379400704, 1379400704, '::1'),
(50, 'Driver (Heavy Vehicle)', 15, 1, 1379400704, 1379400704, '::1'),
(51, 'Central AC Operator', 16, 1, 1379400704, 1379400704, '::1'),
(52, 'Mechanic(Automobile)', 16, 1, 1379400704, 1379400704, '::1'),
(53, 'Driver (Small Vehicle)', 16, 1, 1379400704, 1379400704, '::1'),
(54, 'Store Clarck Cum Typist', 16, 1, 1379400704, 1379400704, '::1'),
(55, 'LDA Cum Typist', 16, 1, 1379400704, 1379400704, '::1'),
(56, 'Laboratory Technician', 16, 1, 1379400704, 1379400704, '::1'),
(57, 'Electritian', 16, 1, 1379400704, 1379400704, '::1'),
(58, 'Plamber', 16, 1, 1379400704, 1379400704, '::1'),
(59, 'Pamp Operator', 16, 1, 1379400704, 1379400704, '::1'),
(60, 'Telephone Operator', 16, 1, 1379400704, 1379400704, '::1'),
(61, 'Photocopy Machine Operator', 18, 1, 1379400704, 1379400704, '::1'),
(62, 'Duplicating Machine Operator', 18, 1, 1379400704, 1379400704, '::1'),
(63, 'Dispatch', 18, 1, 1379400704, 1379400704, '::1'),
(64, 'Binder', 18, 1, 1379400704, 1379400704, '::1'),
(65, 'MLSS', 20, 1, 1379400704, 1379400704, '::1'),
(66, 'Faras', 20, 1, 1379400704, 1379400704, '::1'),
(67, 'Malee', 20, 1, 1379400704, 1379400704, '::1'),
(68, 'Guard', 20, 1, 1379400704, 1379400704, '::1'),
(69, 'Sweeper', 20, 1, 1379400704, 1379400704, '::1'),
(70, 'Daptary', 18, 1, 1389248421, 1389248421, '192.168.15.6');

-- --------------------------------------------------------

--
-- Table structure for table `employees`
--

DROP TABLE IF EXISTS `employees`;
CREATE TABLE IF NOT EXISTS `employees` (
  `id` int(20) NOT NULL AUTO_INCREMENT,
  `user_id` int(11) NOT NULL,
  `pay_scale_id` int(11) NOT NULL,
  `total_increment` decimal(10,0) NOT NULL,
  `increment_number` int(11) NOT NULL DEFAULT '0',
  `employee_code` varchar(25) COLLATE utf8_unicode_ci DEFAULT NULL,
  `first_name` varchar(20) COLLATE utf8_unicode_ci NOT NULL,
  `middle_name` varchar(20) COLLATE utf8_unicode_ci DEFAULT NULL,
  `last_name` varchar(20) COLLATE utf8_unicode_ci NOT NULL,
  `joining_date` int(11) DEFAULT NULL,
  `grade` int(4) NOT NULL,
  `joining_grade` int(5) DEFAULT NULL,
  `designation_id` int(4) NOT NULL,
  `joining_designation` int(5) DEFAULT NULL,
  `other_quota_status` varchar(255) COLLATE utf8_unicode_ci DEFAULT NULL,
  `quota_status` int(4) DEFAULT NULL,
  `status` tinyint(2) NOT NULL DEFAULT '1',
  `created` int(20) DEFAULT NULL,
  `updated` int(11) NOT NULL,
  `terminal` varchar(20) COLLATE utf8_unicode_ci DEFAULT NULL,
  PRIMARY KEY (`id`)
) ENGINE=MyISAM  DEFAULT CHARSET=utf8 COLLATE=utf8_unicode_ci AUTO_INCREMENT=190 ;

--
-- Dumping data for table `employees`
--

INSERT INTO `employees` (`id`, `user_id`, `pay_scale_id`, `total_increment`, `increment_number`, `employee_code`, `first_name`, `middle_name`, `last_name`, `joining_date`, `grade`, `joining_grade`, `designation_id`, `joining_designation`, `other_quota_status`, `quota_status`, `status`, `created`, `updated`, `terminal`) VALUES
(1, 1, 1, '0', 0, '23', 'Dr.', 'Wais', 'Kabir', NULL, 1, NULL, 1, NULL, '', NULL, 1, 1389162317, 1389162317, '192.168.15.6'),
(2, 1, 2, '3600', 0, '101', 'Dr. M.', 'Khalequzzaman ', 'Akand Chowdhury', NULL, 2, NULL, 2, NULL, '', NULL, 1, 1389162338, 1389162338, '192.168.15.6'),
(3, 1, 2, '6000', 0, '70', 'Dr. Meraz ', 'Uddin ', 'Ahmed', NULL, 2, NULL, 2, NULL, '', NULL, 1, 1389596694, 1389596694, '192.168.15.92'),
(4, 1, 2, '1200', 0, '159', 'Md.', 'Khairul ', 'Bashar', NULL, 2, NULL, 2, NULL, '', NULL, 1, 1389162402, 1389162402, '192.168.15.6'),
(5, 1, 2, '2100', 0, '32', 'Dr. S M', 'Khalilur', 'Rahman', NULL, 2, NULL, 2, NULL, '', NULL, 1, 1389162459, 1389162459, '192.168.15.6'),
(6, 1, 2, '3600', 0, '148', 'Dr. Ahmad', 'Ali ', 'Hassan', NULL, 2, NULL, 2, NULL, '', NULL, 1, 1389162502, 1389162502, '192.168.15.6'),
(7, 1, 2, '-100', 0, '111', 'Dr. Paresh', 'Chandra', 'Golder', NULL, 2, NULL, 2, NULL, '', NULL, 1, 1389162520, 1389162520, '192.168.15.6'),
(8, 1, 2, '-1200', 0, '128', 'Dr. Md. Kabir ', 'Ikramul ', 'Haque', NULL, 2, NULL, 2, NULL, '', NULL, 1, 1389162557, 1389162557, '192.168.15.6'),
(9, 1, 3, '6600', 0, '40', 'Md. Abeed', 'Hossain', 'Chowdhury', NULL, 3, NULL, 3, NULL, '', NULL, 1, 1389162578, 1389162578, '192.168.15.6'),
(10, 1, 3, '3750', 0, '59', 'Md', '', 'Aminuzzaman', NULL, 3, NULL, 3, NULL, '', NULL, 1, 1389162600, 1389162600, '192.168.15.6'),
(11, 1, 3, '4400', 0, '66', 'Mrs.', 'Dil', 'Afroz', NULL, 3, NULL, 3, NULL, '', NULL, 1, 1389162625, 1389162625, '192.168.15.6'),
(12, 1, 3, '4400', 0, '82', 'Md.', 'Mozibar ', 'Rahman', NULL, 3, NULL, 3, NULL, '', NULL, 1, 1389162709, 1389162709, '192.168.15.6'),
(13, 1, 3, '-2250', 0, '129', 'Dr. Md. ', 'Monirul ', 'Islam', NULL, 3, NULL, 3, NULL, '', NULL, 1, 1389162730, 1389162730, '192.168.15.6'),
(14, 1, 3, '4400', 0, '109', 'Dr. Abul', 'Kalam', 'Azad', NULL, 3, NULL, 4, NULL, '', NULL, 1, 1389162768, 1389162768, '192.168.15.6'),
(15, 1, 3, '4400', 0, '110', 'Dr.', 'Sultan ', 'Ahmed', NULL, 3, NULL, 4, NULL, '', NULL, 1, 1389162800, 1389162800, '192.168.15.6'),
(16, 1, 3, '4400', 0, '116', 'Dr.', 'Mohammad', 'Shahjahan', NULL, 3, NULL, 4, NULL, '', NULL, 1, 1389162843, 1389162843, '192.168.15.6'),
(17, 1, 3, '3300', 0, '119', 'Dr. A. S. M.', 'Anwarul', 'Huq', NULL, 3, NULL, 4, NULL, '', NULL, 1, 1389162882, 1389162882, '192.168.15.6'),
(18, 1, 3, '2200', 0, '126', 'Dr. Md.', 'Aziz Zilani', 'Chowdhury', NULL, 3, NULL, 4, NULL, '', NULL, 1, 1389162915, 1389162915, '192.168.15.6'),
(19, 1, 3, '2750', 0, '132', 'Dr. S. M. ', 'Ziqrul Haq ', 'Chowdhury', NULL, 3, NULL, 4, NULL, '', NULL, 1, 1389162931, 1389162931, '192.168.15.6'),
(20, 1, 3, '6600', 0, '161', 'Dr. Md.', 'Shemsher', 'Ali', NULL, 3, NULL, 4, NULL, '', NULL, 1, 1389162946, 1389162946, '192.168.15.6'),
(21, 1, 9, '7200', 0, '308', 'Mr. SK.', 'Habibur', 'Rahman', NULL, 11, NULL, 39, NULL, '', NULL, 1, 1389498935, 1389498935, '192.168.15.90'),
(22, 1, 5, '3600', 0, '24', 'Md. Jashim', 'Uddin', 'Chowdhury', NULL, 5, NULL, 12, NULL, '', NULL, 1, 1389591119, 1389591119, '192.168.15.92'),
(23, 1, 7, '8200', 0, '37', 'Md.', 'Rafiqul', 'Islam', NULL, 9, NULL, 24, NULL, '', NULL, 1, 1389591336, 1389591336, '192.168.15.92'),
(24, 1, 4, '1750', 0, '47', 'Md. Rafique ', 'Mostafa ', 'Kamal', NULL, 4, NULL, 8, NULL, '', NULL, 1, 1389162981, 1389162981, '192.168.15.6'),
(25, 1, 6, '-700', 0, '58', 'Mrs.', 'Afroza', 'Anjum', NULL, 6, NULL, 21, NULL, '', NULL, 1, 1389163161, 1389163161, '192.168.15.6'),
(26, 1, 6, '8800', 0, '61', 'Md.', 'Abdul', 'Mabin', NULL, 6, NULL, 18, NULL, '', NULL, 1, 1389163065, 1389163065, '192.168.15.6'),
(27, 1, 6, '-700', 0, '71', 'Md.', 'Ershad', 'Ali', NULL, 6, NULL, 17, NULL, '', NULL, 1, 1389163025, 1389163025, '192.168.15.6'),
(28, 1, 13, '5935', 0, '313', 'Mr. Bhabandra ', 'Nath', 'Tarafder', NULL, 16, NULL, 54, NULL, '', NULL, 1, 1389517292, 1389517292, '192.168.15.92'),
(29, 1, 13, '5935', 0, '314', 'Mr.', 'Sirajul', 'Islam', NULL, 16, NULL, 54, NULL, '', NULL, 1, 1389517333, 1389517333, '192.168.15.92'),
(30, 1, 9, '5605', 0, '315', 'Mrs.', 'Hosneara', 'Ferdaus', NULL, 11, 11, 44, 44, '', NULL, 1, 1389500861, 1389500861, '192.168.15.90'),
(31, 1, 9, '7200', 0, '329', 'Mr.', 'Dalil Uddin', 'Basunia', NULL, 11, 11, 36, NULL, '', NULL, 1, 1389499136, 1389499136, '192.168.15.90'),
(32, 1, 9, '11140', 0, '332', 'Mr. S.H.', 'Shaha', 'Alam', NULL, 11, NULL, 38, NULL, '', NULL, 1, 1389499719, 1389499719, '192.168.15.90'),
(33, 1, 9, '12460', 0, '334', 'Mr.', 'Sohrab', 'Hossain', NULL, 11, NULL, 36, NULL, '', NULL, 1, 1389499056, 1389499056, '192.168.15.90'),
(34, 1, 5, '2700', 0, '83', 'Md. Shohid', 'Uddin', 'Bhuyan', NULL, 5, NULL, 11, NULL, '', NULL, 1, 1389168273, 1389168273, '192.168.15.56'),
(35, 1, 4, '7750', 0, '112', 'Dr. S.M.', 'Khorshed ', 'Alam', NULL, 4, NULL, 5, NULL, '', NULL, 1, 1389168376, 1389168376, '192.168.15.56'),
(36, 1, 5, '1800', 0, '113', 'Md. ', 'Abdul', 'Mottakin', NULL, 5, NULL, 12, NULL, '', NULL, 1, 1389168479, 1389168479, '192.168.15.56'),
(37, 1, 6, '0', 0, '114', 'Muhammad', 'Mahbubul', 'Hassan', NULL, 6, NULL, 15, NULL, '', NULL, 1, 1389168554, 1389168554, '192.168.15.56'),
(38, 1, 6, '-1400', 0, '115', 'Mrs.', 'Susmita', 'Das', NULL, 6, NULL, 20, NULL, '', NULL, 1, 1389168760, 1389168760, '192.168.15.56'),
(39, 1, 8, '4960', 0, '120', 'Md. Abu Hashem', 'Mostafa', 'Kamal', NULL, 10, NULL, 33, NULL, '', NULL, 1, 1389168734, 1389168734, '192.168.15.56'),
(40, 1, 4, '4750', 0, '122', 'Dr. Mian', 'Sayed', 'Hassan', NULL, 4, NULL, 5, NULL, '', NULL, 1, 1389168841, 1389168841, '192.168.15.56'),
(41, 1, 5, '3600', 0, '130', 'Ajit', 'Kumar', 'Chakraborty', NULL, 5, NULL, 12, NULL, '', NULL, 1, 1389591235, 1389591235, '192.168.15.92'),
(42, 1, 4, '-1700', 0, '131', 'Dr.', 'Fauzia', 'Yasmin', NULL, 4, NULL, 5, NULL, '', NULL, 1, 1389168989, 1389168989, '192.168.15.56'),
(43, 1, 7, '8200', 0, '137', 'Md Akbar', 'Ali ', 'Sheikh', NULL, 9, NULL, 24, NULL, '', NULL, 1, 1389169079, 1389169079, '192.168.15.56'),
(44, 1, 4, '1750', 0, '139', 'Dr. Md.', 'Baktear', 'Hossain', NULL, 4, NULL, 5, NULL, '', NULL, 1, 1389169166, 1389169166, '192.168.15.56'),
(45, 1, 6, '4000', 0, '140', 'Md.', 'Mustafizur', 'Rahman', NULL, 6, NULL, 14, NULL, '', NULL, 1, 1389169236, 1389169236, '192.168.15.56'),
(46, 1, 7, '7600', 0, '142', 'Md. Hussyam', 'Uddin', 'Parvez', NULL, 9, NULL, 27, NULL, '', NULL, 1, 1389169347, 1389169347, '192.168.15.56'),
(47, 1, 6, '2400', 0, '143', 'Shah Md. ', 'Monir', 'Hossain', NULL, 6, NULL, 19, NULL, '', NULL, 1, 1389169430, 1389169430, '192.168.15.56'),
(48, 1, 4, '750', 0, '146', 'Dr. Md.', 'Abdus', 'Salam', NULL, 4, NULL, 5, NULL, '', NULL, 1, 1389169526, 1389169526, '192.168.15.56'),
(49, 1, 6, '100', 0, '149', 'Mr. Abdur', 'Rob', 'Shaikh', NULL, 6, NULL, 15, NULL, '', NULL, 1, 1389169605, 1389169605, '192.168.15.56'),
(50, 1, 7, '1470', 0, '150', 'Md.', 'Ayub', 'Hoassain', NULL, 9, NULL, 30, NULL, '', NULL, 1, 1389169667, 1389169667, '192.168.15.56'),
(51, 1, 7, '1470', 0, '151', 'Mihir', 'Kanti ', 'Sarkar', NULL, 9, NULL, 30, NULL, '', NULL, 1, 1389169731, 1389169731, '192.168.15.56'),
(52, 1, 4, '2750', 0, '152', 'Hasan Md.', 'Hamidur', 'Rahman', NULL, 4, NULL, 10, NULL, '', NULL, 1, 1389169804, 1389169804, '192.168.15.56'),
(53, 1, 7, '2600', 0, '153', 'Md.', 'Lokman', 'Hossain', NULL, 9, NULL, 24, NULL, '', NULL, 1, 1389169860, 1389169860, '192.168.15.56'),
(54, 1, 7, '2940', 0, '154', 'Md.', 'Nasir', 'Uddin', NULL, 9, NULL, 24, NULL, '', NULL, 1, 1389169914, 1389169914, '192.168.15.56'),
(55, 1, 6, '800', 0, '155', 'Md.', 'Daloar', 'Hossain', NULL, 6, NULL, 15, NULL, '', NULL, 1, 1389169977, 1389169977, '192.168.15.56'),
(56, 1, 4, '1750', 0, '156', 'Dr.', 'S.M.', 'Bokhtear', NULL, 4, NULL, 5, NULL, '', NULL, 1, 1389170035, 1389170035, '192.168.15.56'),
(57, 1, 4, '1750', 0, '157', 'Dr. Mian', 'M.A.', 'Awal', NULL, 4, NULL, 5, NULL, '', NULL, 1, 1389170091, 1389170091, '192.168.15.56'),
(58, 1, 4, '1750', 0, '160', 'Dr. Nazmun', 'Nahar', 'Karim', NULL, 4, NULL, 5, NULL, '', NULL, 1, 1389170172, 1389170172, '192.168.15.56'),
(59, 1, 9, '12200', 0, '337', 'Md. Abdul', 'Karim', 'Hhuiyan', NULL, 11, NULL, 36, NULL, '', NULL, 1, 1389499218, 1389499218, '192.168.15.90'),
(60, 1, 10, '12700', 0, '342', 'Mr.', 'Sontosh Kumar', 'Roy', NULL, 13, NULL, 42, 42, '', NULL, 1, 1389500372, 1389500372, '192.168.15.90'),
(61, 1, 10, '12700', 0, '343', 'Md.', 'Shah', 'Alam', NULL, 13, NULL, 42, NULL, '', NULL, 1, 1389500541, 1389500541, '192.168.15.90'),
(62, 1, 9, '7200', 0, '345', 'Mr.', 'Enamul', 'Hoque', NULL, 11, NULL, 36, NULL, '', NULL, 1, 1389499361, 1389499361, '192.168.15.90'),
(63, 1, 12, '6565', 0, '346', 'Mr. Syed', 'Tohid', 'Ahmed', NULL, 15, NULL, 49, NULL, '', NULL, 1, 1389501035, 1389501035, '192.168.15.90'),
(64, 1, 11, '8155', 0, '348', 'Md.', '', 'Alamgir', NULL, 14, NULL, 45, NULL, '', NULL, 1, 1389500939, 1389500939, '192.168.15.90'),
(65, 1, 13, '6765', 0, '349', 'Mr.', 'Jitesh Chandra', 'Roy', NULL, 16, NULL, 55, NULL, '', NULL, 1, 1389517389, 1389517389, '192.168.15.92'),
(66, 1, 13, '6765', 0, '350', 'Mr.', 'Abul', 'Kashem', NULL, 16, NULL, 55, NULL, '', NULL, 1, 1389517455, 1389517455, '192.168.15.92'),
(67, 1, 13, '6765', 0, '352', 'Mr.', 'Sabder', 'Ali', NULL, 16, NULL, 55, NULL, '', NULL, 1, 1389517498, 1389517498, '192.168.15.92'),
(68, 1, 13, '6350', 0, '353', 'Mr.', '', 'Mainuddin', NULL, 16, NULL, 55, NULL, '', NULL, 1, 1389517538, 1389517538, '192.168.15.92'),
(69, 1, 13, '5115', 0, '355', 'Md.', 'Amin', 'Ullah', NULL, 16, NULL, 55, NULL, '', NULL, 1, 1389517583, 1389517583, '192.168.15.92'),
(70, 1, 13, '6350', 0, '356', 'Mr. Md.', 'Abu', 'Hanif', NULL, 16, NULL, 55, NULL, '', NULL, 1, 1389517628, 1389517628, '192.168.15.92'),
(71, 1, 10, '5965', 0, '357', 'Mr.', 'Asgaruddoula', 'Pahlown', NULL, 13, 13, 40, NULL, '', NULL, 1, 1389499973, 1389499973, '192.168.15.90'),
(72, 1, 10, '10100', 0, '358', 'Mr.', 'Nazmul Haq', 'Md. Selim', NULL, 13, NULL, 42, NULL, '', NULL, 1, 1389500590, 1389500590, '192.168.15.90'),
(73, 1, 13, '6765', 0, '359', 'Mr. S.H.', 'Hafigur', 'Rahman', NULL, 16, NULL, 55, NULL, '', NULL, 1, 1389517673, 1389517673, '192.168.15.92'),
(74, 1, 9, '5605', 0, '362', 'Mr. Abdul', 'Hamid', 'Miah', NULL, 11, NULL, 36, NULL, '', NULL, 1, 1389499419, 1389499419, '192.168.15.90'),
(75, 1, 13, '5495', 0, '363', 'Mr.', 'Babar', 'Ali', NULL, 16, NULL, 55, NULL, '', NULL, 1, 1389517751, 1389517751, '192.168.15.92'),
(76, 1, 13, '5495', 0, '365', 'Mr.', 'Rahmat', 'Ullah', NULL, 16, NULL, 55, NULL, '', NULL, 1, 1389517803, 1389517803, '192.168.15.92'),
(77, 1, 12, '7105', 0, '371', 'Md. Abdus', 'Samad', 'Mollah', NULL, 15, NULL, 53, NULL, '', NULL, 1, 1389514688, 1389514688, '192.168.15.90'),
(78, 1, 12, '7105', 0, '373', 'Mr.', 'Nurul', 'Islam', NULL, 15, NULL, 50, NULL, '', NULL, 1, 1389501119, 1389501119, '192.168.15.90'),
(79, 1, 12, '7105', 0, '374', 'Mr.', 'Ruhul', 'Amin', NULL, 15, NULL, 50, 50, '', NULL, 1, 1389501166, 1389501166, '192.168.15.90'),
(80, 1, 12, '7105', 0, '376', 'Md.', 'Yousuf', 'Ali', NULL, 15, NULL, 50, NULL, '', NULL, 1, 1389501221, 1389501221, '192.168.15.90'),
(81, 1, 12, '7105', 0, '377', 'Mr. S. M.', 'Ruhul', 'Amin', NULL, 15, NULL, 50, NULL, '', NULL, 1, 1389501272, 1389501272, '192.168.15.90'),
(82, 1, 12, '7105', 0, '378', 'Mr.', 'Mahatab', 'Hossain', NULL, 15, NULL, 50, NULL, '', NULL, 1, 1389501331, 1389501331, '192.168.15.90'),
(83, 1, 13, '5495', 0, '370', 'Md.', 'Abdus', 'Salam ', NULL, 16, NULL, 58, 58, '', NULL, 1, 1389518849, 1389518849, '192.168.15.92'),
(84, 1, 13, '7305', 0, '379', 'Md.', 'Ali', 'Bapary', NULL, 16, NULL, 53, NULL, '', NULL, 1, 1389514738, 1389514738, '192.168.15.90'),
(85, 1, 13, '6855', 0, '380', 'Mr.', 'Ohab', 'Ali', NULL, 16, NULL, 53, NULL, '', NULL, 1, 1389514791, 1389514791, '192.168.15.90'),
(86, 1, 13, '7305', 0, '381', 'Mr.', 'Nur', 'Nabi', NULL, 16, NULL, 53, NULL, '', NULL, 1, 1389514832, 1389514832, '192.168.15.90'),
(87, 1, 12, '7105', 0, '382', 'Mr.', 'Abdus', 'Salam', NULL, 15, NULL, 53, NULL, '', NULL, 1, 1389514874, 1389514874, '192.168.15.90'),
(88, 1, 13, '6855', 0, '383', 'Md.', '', 'Sultan', NULL, 16, NULL, 53, NULL, '', NULL, 1, 1389517026, 1389517026, '192.168.15.92'),
(89, 1, 13, '5875', 0, '384', 'Mrs.', 'Anawara', 'Begum', NULL, 16, NULL, 60, NULL, '', NULL, 1, 1389519057, 1389519057, '192.168.15.92'),
(90, 1, 13, '5875', 0, '386', 'Mr.', 'Haider', 'Ali', NULL, 16, NULL, 57, NULL, '', NULL, 1, 1389518791, 1389518791, '192.168.15.92'),
(91, 1, 13, '6255', 0, '387', 'Mr.', 'Osman', 'Gani', NULL, 16, NULL, 51, NULL, '', NULL, 1, 1389514521, 1389514521, '192.168.15.90'),
(92, 1, 14, '4130', 0, '388', 'Mr.', 'Fakrul', 'Islam', NULL, 18, NULL, 62, NULL, '', NULL, 1, 1389519435, 1389519435, '192.168.15.92'),
(93, 1, 15, '4145', 0, '393', 'Mrs.', 'Rahima', 'Khatun', NULL, 20, NULL, 65, NULL, '', NULL, 1, 1389519756, 1389519756, '192.168.15.92'),
(94, 1, 13, '6405', 0, '394', 'Mr.', 'Abdul', 'Malek', NULL, 16, NULL, 53, NULL, '', NULL, 1, 1389517104, 1389517104, '192.168.15.92'),
(95, 1, 14, '5415', 0, '395', 'Mr.', 'Hafizur Rahman', 'Biswas', NULL, 18, NULL, 62, NULL, '', NULL, 1, 1389519499, 1389519499, '192.168.15.92'),
(96, 1, 13, '5115', 0, '396', 'Mr.', 'Abdur', 'Razzak', NULL, 16, NULL, 59, NULL, '', NULL, 1, 1389518908, 1389518908, '192.168.15.92'),
(97, 1, 15, '3905', 0, '398', 'Mr.', 'Babar', 'Ali', NULL, 20, NULL, 65, NULL, '', NULL, 1, 1389519820, 1389519820, '192.168.15.92'),
(98, 1, 15, '3670', 0, '399', 'Mr.', 'Mujibur', 'Rahman', NULL, 20, NULL, 65, NULL, '', NULL, 1, 1389521109, 1389521109, '192.168.15.92'),
(99, 1, 15, '3405', 0, '401', 'Mr.', 'Khabir', 'Rahman', NULL, 20, NULL, 65, NULL, '', NULL, 1, 1389521205, 1389521205, '192.168.15.92'),
(100, 1, 15, '3905', 0, '402', 'Mrs.', 'Khodeza', 'Begum', NULL, 20, NULL, 65, NULL, '', NULL, 1, 1389521364, 1389521364, '192.168.15.92'),
(101, 1, 15, '3405', 0, '404', 'Mr.', 'Amir', 'Ali', NULL, 20, NULL, 65, NULL, '', NULL, 1, 1389521443, 1389521443, '192.168.15.92'),
(102, 1, 15, '3405', 0, '405', 'Mr.', 'Bedon', 'Miah', NULL, 20, NULL, 65, NULL, '', NULL, 1, 1389521581, 1389521581, '192.168.15.92'),
(103, 1, 15, '3140', 0, '407', 'Mrs.', 'Sabina', 'Eaismin', NULL, 20, NULL, 65, NULL, '', NULL, 1, 1389521640, 1389521640, '192.168.15.92'),
(104, 1, 15, '3193', 0, '408', 'Mr.', 'Fazlur', 'Rahaman', NULL, 20, NULL, 65, NULL, '', NULL, 1, 1389521683, 1389521683, '192.168.15.92'),
(105, 1, 13, '5115', 0, '409', 'Mr.', 'Abdul', 'Momen', NULL, 16, NULL, 55, NULL, '', NULL, 1, 1389517879, 1389517879, '192.168.15.92'),
(106, 1, 13, '5115', 0, '410', 'Mr.', 'Selim', 'Akter', NULL, 16, NULL, 55, NULL, '', NULL, 1, 1389517928, 1389517928, '192.168.15.92'),
(107, 1, 14, '4450', 0, '411', 'Mr.', 'Siddiqur', 'Ullah', NULL, 18, NULL, 61, NULL, '', NULL, 1, 1389519269, 1389519269, '192.168.15.92'),
(108, 1, 15, '3140', 0, '412', 'Mr.', 'Matiur', 'Rahaman', NULL, 20, NULL, 65, NULL, '', NULL, 1, 1389521726, 1389521726, '192.168.15.92'),
(109, 1, 15, '3405', 0, '413', 'Md.', 'Abdus', 'Sattar', NULL, 20, NULL, 65, NULL, '', NULL, 1, 1389521773, 1389521773, '192.168.15.92'),
(110, 1, 15, '3405', 0, '415', 'Mr.', 'Habibur', 'Rahaman', NULL, 20, NULL, 65, NULL, '', NULL, 1, 1389521816, 1389521816, '192.168.15.92'),
(111, 1, 15, '3405', 0, '416', 'Mr.', 'Abdul Awal', 'Patoary', NULL, 20, NULL, 65, NULL, '', NULL, 1, 1389587246, 1389587246, '192.168.15.92'),
(112, 1, 14, '4450', 0, '417', 'Mr.', 'Abdul', 'Latif', NULL, 18, NULL, 61, NULL, '', NULL, 1, 1389519345, 1389519345, '192.168.15.92'),
(113, 1, 15, '3405', 0, '418', 'Mr.', 'Delwar Hossain', 'Mallik', NULL, 20, NULL, 65, NULL, '', NULL, 1, 1389587305, 1389587305, '192.168.15.92'),
(114, 1, 14, '5415', 0, '403', 'Mr.', 'Sk. Shahidul', 'Islam', NULL, 18, NULL, 70, 70, '', NULL, 1, 1389592147, 1389592147, '192.168.15.92'),
(115, 1, 15, '3405', 0, '420', 'Mr.', 'Siddiqur', 'Rahaman', NULL, 20, NULL, 65, NULL, '', NULL, 1, 1389587354, 1389587354, '192.168.15.92'),
(116, 1, 15, '3405', 0, '421', 'Mohammad', '', 'Hossain', NULL, 20, NULL, 65, NULL, '', NULL, 1, 1389587416, 1389587416, '192.168.15.92'),
(117, 1, 15, '3405', 0, '422', 'Mrs.', 'Amena', 'Begum', NULL, 20, NULL, 65, NULL, '', NULL, 1, 1389587468, 1389587468, '192.168.15.92'),
(118, 1, 15, '3405', 0, '424', 'Mrs.', 'Nasima', 'Khatun', NULL, 20, NULL, 65, NULL, '', NULL, 1, 1389587533, 1389587533, '192.168.15.92'),
(119, 1, 14, '5415', 0, '426', 'Mr.', 'Ibrahim', 'Khalil', NULL, 18, NULL, 63, NULL, '', NULL, 1, 1389519568, 1389519568, '192.168.15.92'),
(120, 1, 15, '3405', 0, '428', 'Mr.', 'Shamsul', 'Haque', NULL, 20, NULL, 66, NULL, '', NULL, 1, 1389589005, 1389589005, '192.168.15.92'),
(121, 1, 15, '3405', 0, '429', 'Mr.', 'Siddiqur', 'Miah', NULL, 20, NULL, 68, NULL, '', NULL, 1, 1389589614, 1389589614, '192.168.15.92'),
(122, 1, 15, '3140', 0, '434', 'Mr.', 'Moslem Uddin', 'Miah', NULL, 20, NULL, 68, NULL, '', NULL, 1, 1389589755, 1389589755, '192.168.15.92'),
(123, 1, 15, '3905', 0, '438', 'Mr.', 'Abdul', 'Latif', NULL, 20, NULL, 66, NULL, '', NULL, 1, 1389589055, 1389589055, '192.168.15.92'),
(124, 1, 13, '5115', 0, '440', 'Mr.', 'Abul', 'Hossain', NULL, 16, NULL, 55, NULL, '', NULL, 1, 1389517979, 1389517979, '192.168.15.92'),
(125, 1, 15, '3140', 0, '443', 'Mrs.', 'Hosneara', 'Begum', NULL, 20, NULL, 65, NULL, '', NULL, 1, 1389587596, 1389587596, '192.168.15.92'),
(126, 1, 15, '3405', 0, '444', 'Mrs.', 'Aysia', 'Khatun', NULL, 20, 20, 69, NULL, '', NULL, 1, 1389590205, 1389590205, '192.168.15.92'),
(127, 1, 9, '5605', 0, '453', 'Mr.', 'Abdul', 'Alim', NULL, 11, NULL, 36, NULL, '', NULL, 1, 1389592633, 1389592633, '192.168.15.6'),
(128, 1, 13, '5495', 0, '455', 'Mrs.', 'Aroti Rani', 'Sarkar', NULL, 16, NULL, 55, NULL, '', NULL, 1, 1389518040, 1389518040, '192.168.15.92'),
(129, 1, 13, '5115', 0, '456', 'Mr.', 'Mobasher', 'Ali Khan', NULL, 16, NULL, 55, NULL, '', NULL, 1, 1389518088, 1389518088, '192.168.15.92'),
(130, 1, 13, '5115', 0, '457', 'Mr.', 'Harun AL', 'Rashid', NULL, 16, NULL, 55, NULL, '', NULL, 1, 1389518131, 1389518131, '192.168.15.92'),
(131, 1, 13, '5115', 0, '458', 'Mr.', 'Chan', 'Mahmood', NULL, 16, NULL, 55, NULL, '', NULL, 1, 1389518197, 1389518197, '192.168.15.92'),
(132, 1, 13, '5115', 0, '459', 'Mr.', 'Mohammad', 'Ullah', NULL, 16, NULL, 55, NULL, '', NULL, 1, 1389518255, 1389518255, '192.168.15.92'),
(133, 1, 13, '5845', 0, '463', 'Mr.', 'Abul', 'Khair', NULL, 16, NULL, 52, NULL, '', NULL, 1, 1389514639, 1389514639, '192.168.15.90'),
(134, 1, 14, '4130', 0, '464', 'Mr.', 'Abdul', 'Malek', NULL, 18, NULL, 63, NULL, '', NULL, 1, 1389519673, 1389519673, '192.168.15.92'),
(135, 1, 15, '3405', 0, '465', 'Mr.', 'Abul', 'Hossain', NULL, 20, NULL, 65, NULL, '', NULL, 1, 1389587643, 1389587643, '192.168.15.92'),
(136, 1, 15, '3405', 0, '466', 'Mr.', 'Din', 'Islam', NULL, 20, NULL, 65, NULL, '', NULL, 1, 1389587701, 1389587701, '192.168.15.92'),
(137, 1, 15, '3405', 0, '467', 'Mr.', 'Siddiqur', 'Rahaman', NULL, 20, NULL, 65, NULL, '', NULL, 1, 1389587747, 1389587747, '192.168.15.92'),
(138, 1, 15, '3405', 0, '468', 'Md.', 'Mossaraf', 'Hossain', NULL, 20, NULL, 65, NULL, '', NULL, 1, 1389587801, 1389587801, '192.168.15.92'),
(139, 1, 13, '5115', 0, '469', 'Mr.', 'Tapan Kumar', 'Chakrabartty', NULL, 16, NULL, 55, NULL, '', NULL, 1, 1389518407, 1389518407, '192.168.15.92'),
(140, 1, 15, '3405', 0, '470', 'Mr.', 'Abdul', 'Jalil', NULL, 20, NULL, 65, NULL, '', NULL, 1, 1389587846, 1389587846, '192.168.15.92'),
(141, 1, 15, '3405', 0, '471', 'Mr.', 'Abdur', 'Rahim', NULL, 20, NULL, 69, NULL, '', NULL, 1, 1389590301, 1389590301, '192.168.15.92'),
(142, 1, 15, '3405', 0, '473', 'Mr.', 'Md.', 'Sajahan', NULL, 20, NULL, 67, NULL, '', NULL, 1, 1389589364, 1389589364, '192.168.15.92'),
(143, 1, 15, '3405', 0, '475', 'Mrs.', 'Saleha', 'Begum', NULL, 20, NULL, 65, NULL, '', NULL, 1, 1389587905, 1389587905, '192.168.15.92'),
(144, 1, 15, '3405', 0, '476', 'Mr.', 'Haider', 'Ali', NULL, 20, NULL, 66, NULL, '', NULL, 1, 1389589114, 1389589114, '192.168.15.92'),
(145, 1, 13, '5115', 0, '477', 'Mr.', 'Shahw', 'Newas', NULL, 16, NULL, 55, 55, '', NULL, 1, 1389518487, 1389518487, '192.168.15.92'),
(146, 1, 15, '3405', 0, '478', 'Mr.', '', 'Shamsuddin', NULL, 20, NULL, 65, NULL, '', NULL, 1, 1389587999, 1389587999, '192.168.15.92'),
(147, 1, 12, '6655', 0, '481', 'Md.', 'Mossaraf', 'Hossain', NULL, 15, NULL, 50, NULL, '', NULL, 1, 1389501399, 1389501399, '192.168.15.90'),
(148, 1, 13, '5026', 0, '491', 'Mr.', 'Tapan Roy', 'Chowdhury', NULL, 16, NULL, 56, NULL, '', NULL, 1, 1389518719, 1389518719, '192.168.15.92'),
(149, 1, 10, '6380', 0, '493', 'Mr.', 'Golam', 'Mostafa', NULL, 13, NULL, 40, NULL, '', NULL, 1, 1389500070, 1389500070, '192.168.15.90'),
(150, 1, 10, '6380', 0, '495', 'Mr.', '', 'Wasiuzzaman', NULL, 13, 13, 40, 40, '', NULL, 1, 1389500131, 1389500131, '192.168.15.90'),
(151, 1, 15, '3140', 0, '496', 'Mr.', 'Omar', 'Faruque', NULL, 20, NULL, 68, NULL, '', NULL, 1, 1389589859, 1389589859, '192.168.15.92'),
(152, 1, 15, '3140', 0, '497', 'Mr.', 'Mahfuzur', 'Rahman', NULL, 20, NULL, 66, NULL, '', NULL, 1, 1389589163, 1389589163, '192.168.15.92'),
(153, 1, 15, '3140', 0, '498', 'Mr.', 'Bazlur', 'Rahman', NULL, 20, NULL, 66, NULL, '', NULL, 1, 1389589234, 1389589234, '192.168.15.92'),
(154, 1, 15, '3140', 0, '500', 'Mrs.', 'Shahara', 'Begum', NULL, 20, NULL, 69, NULL, '', NULL, 1, 1389590362, 1389590362, '192.168.15.92'),
(155, 1, 15, '3140', 0, '501', 'Mr.', 'Shahab', 'Uddin', NULL, 20, NULL, 67, NULL, '', NULL, 1, 1389589461, 1389589461, '192.168.15.92'),
(156, 1, 15, '3140', 0, '502', 'Mrs.', 'Sahana', 'Begum', NULL, 20, NULL, 69, NULL, '', NULL, 1, 1389590442, 1389590442, '192.168.15.92'),
(157, 1, 15, '3140', 0, '508', 'Md.', 'Abdul Jamal', 'Sarniabad', NULL, 20, NULL, 65, NULL, '', NULL, 1, 1389588109, 1389588109, '192.168.15.92'),
(158, 1, 12, '6205', 0, '509', 'Mr. Md.', 'Hossain', 'Ali', NULL, 15, NULL, 50, NULL, '', NULL, 1, 1389501454, 1389501454, '192.168.15.90'),
(159, 1, 12, '6205', 0, '511', 'Mr.', 'Bhulan Kumar', 'Nandi', NULL, 15, NULL, 50, NULL, '', NULL, 1, 1389501496, 1389501496, '192.168.15.90'),
(160, 1, 15, '3140', 0, '512', 'Mr.', ' Nurul Alam ', 'Bhuiyan', NULL, 20, NULL, 69, NULL, '', NULL, 1, 1389590503, 1389590503, '192.168.15.92'),
(161, 1, 15, '3140', 0, '516', 'Mr.', 'Safiqul', 'Islam', NULL, 20, NULL, 65, NULL, '', NULL, 1, 1389588201, 1389588201, '192.168.15.92'),
(162, 1, 15, '3140', 0, '517', 'Mr.', 'Soab', 'Ullah', NULL, 20, NULL, 65, NULL, '', NULL, 1, 1389588310, 1389588310, '192.168.15.92'),
(163, 1, 13, '5115', 0, '518', 'Mr.', 'Faruk', 'Ahamed', NULL, 16, NULL, 55, 55, '', NULL, 1, 1389518535, 1389518535, '192.168.15.92'),
(164, 1, 15, '3140', 0, '519', 'Mr.', 'Abul', 'Hasham', NULL, 20, NULL, 65, NULL, '', NULL, 1, 1389588499, 1389588499, '192.168.15.92'),
(165, 1, 15, '3140', 0, '520', 'Mr.', 'Mansur', 'Ahmed', NULL, 20, NULL, 66, NULL, '', NULL, 1, 1389589276, 1389589276, '192.168.15.92'),
(166, 1, 15, '3140', 0, '521', 'Mrs.', 'Rina', 'Akter', NULL, 20, NULL, 65, NULL, '', NULL, 1, 1389588634, 1389588634, '192.168.15.92'),
(167, 1, 15, '3140', 0, '522', 'Mr.', 'Mozammal', 'Haque', NULL, 20, NULL, 68, NULL, '', NULL, 1, 1389590026, 1389590026, '192.168.15.92'),
(168, 1, 15, '3140', 0, '523', 'Mr.', 'Tamal Kanti', 'Bharua', NULL, 20, NULL, 65, NULL, '', NULL, 1, 1389588702, 1389588702, '192.168.15.92'),
(169, 1, 15, '3140', 0, '524', 'Md.', 'Hasmat Ali', 'Chowdhury', NULL, 20, NULL, 68, NULL, '', NULL, 1, 1389590116, 1389590116, '192.168.15.92'),
(170, 1, 13, '4735', 0, '525', 'Mr.', 'Mosaddakul', 'Maola', NULL, 16, NULL, 59, 59, '', NULL, 1, 1389518963, 1389518963, '192.168.15.92'),
(171, 1, 15, '3140', 0, '526', 'Mrs.', 'Minara', 'Begum', NULL, 20, NULL, 65, NULL, '', NULL, 1, 1389588763, 1389588763, '192.168.15.92'),
(172, 1, 13, '5115', 0, '529', 'Mr.', 'Motiar', 'Rahman', NULL, 16, NULL, 55, NULL, '', NULL, 1, 1389518616, 1389518616, '192.168.15.92'),
(173, 1, 13, '5115', 0, '530', 'Mrs.', 'Shirina', 'Moni', NULL, 16, NULL, 55, NULL, '', NULL, 1, 1389518661, 1389518661, '192.168.15.92'),
(174, 1, 12, '6205', 0, '531', 'Md.', 'Shariful', 'Islam', NULL, 15, 15, 50, NULL, '', NULL, 1, 1389501564, 1389501564, '192.168.15.90'),
(175, 1, 15, '2875', 0, '532', 'Mrs.', 'Sakhina', 'Khatun', NULL, 20, NULL, 65, NULL, '', NULL, 1, 1389588858, 1389588858, '192.168.15.92'),
(176, 1, 15, '2875', 0, '533', 'Mrs.', 'Salina', 'Parveen', NULL, 20, NULL, 65, NULL, '', NULL, 1, 1389588941, 1389588941, '192.168.15.92'),
(177, 1, 15, '2875', 0, '534', 'Md.', 'Khandaker', 'Shajahan', NULL, 20, NULL, 69, NULL, '', NULL, 1, 1389590568, 1389590568, '192.168.15.92'),
(178, 1, 10, '3640', 0, '535', 'Mrs.', 'Aysa', 'Siddika    ', NULL, 13, NULL, 42, NULL, '', NULL, 1, 1389500776, 1389500776, '192.168.15.90'),
(179, 1, 10, '1725', 0, '536', 'Md.', 'Jobair', 'Reza', NULL, 13, NULL, 41, NULL, '', NULL, 1, 1389500197, 1389500197, '192.168.15.90'),
(180, 1, 9, '830', 0, '538', 'Md.', 'Mostafa', 'Kamal', NULL, 11, NULL, 38, NULL, '', NULL, 1, 1389499914, 1389499914, '192.168.15.90'),
(181, 1, 10, '345', 0, '539', 'Kazi', 'Ghulam', 'Azam', NULL, 13, NULL, 41, 41, '', NULL, 1, 1389500264, 1389500264, '192.168.15.90'),
(182, 1, 13, '490', 0, '540', 'Mir Md.', 'Mosharaf ', 'Hossain', NULL, 16, NULL, 53, 53, '', NULL, 1, 1389517170, 1389517170, '192.168.15.92'),
(183, 1, 13, '490', 0, '541', 'Md.', 'Jahangir', 'Alam', NULL, 16, NULL, 53, NULL, '', NULL, 1, 1389517221, 1389517221, '192.168.15.92'),
(184, 1, 13, '265', 0, '542', 'Shahnoor', '', 'Sultana', NULL, 16, NULL, 60, NULL, '', NULL, 1, 1389519174, 1389519174, '192.168.15.92'),
(185, 1, 13, '2725', 0, '414', 'Mr.', 'Makbul Hossain', 'Khan', NULL, 16, NULL, 55, NULL, '', NULL, 1, 1389592001, 1389592001, '192.168.15.92'),
(186, 1, 15, '3405', 0, '423', 'Mrs.', 'Manwara', 'Begum', NULL, 20, NULL, 38, 65, '', NULL, 1, 1389595363, 1389595363, '192.168.15.92'),
(187, 1, 8, '10500', 0, '62', 'Md.', '', 'Nazimuddin', NULL, 10, NULL, 34, NULL, '', NULL, 1, 1389597522, 1389597522, '192.168.15.92'),
(188, 1, 6, '-500', 0, '88', 'Dr. Md.', 'Shariful', 'Islam', NULL, 6, NULL, 22, NULL, '', NULL, 1, 1389597457, 1389597457, '192.168.15.92'),
(189, 1, 3, '3300', 0, '127', 'Dr. Md.', 'Abul', 'Kashem', NULL, 3, NULL, 3, 3, '', NULL, 1, 1389597492, 1389597492, '192.168.15.92');

-- --------------------------------------------------------

--
-- Table structure for table `employee_personals`
--

DROP TABLE IF EXISTS `employee_personals`;
CREATE TABLE IF NOT EXISTS `employee_personals` (
  `id` int(20) NOT NULL AUTO_INCREMENT,
  `employee_id` int(11) NOT NULL,
  `nid` varchar(20) COLLATE utf8_unicode_ci DEFAULT NULL,
  `present_address` text COLLATE utf8_unicode_ci,
  `permanent_address` text COLLATE utf8_unicode_ci,
  `cell` varchar(11) COLLATE utf8_unicode_ci DEFAULT NULL,
  `other_number` varchar(11) COLLATE utf8_unicode_ci DEFAULT NULL,
  `email` varchar(30) COLLATE utf8_unicode_ci DEFAULT NULL,
  `f_name` varchar(60) COLLATE utf8_unicode_ci DEFAULT NULL,
  `m_name` varchar(60) COLLATE utf8_unicode_ci DEFAULT NULL,
  `s_name` varchar(60) COLLATE utf8_unicode_ci DEFAULT NULL,
  `s_profession` int(4) DEFAULT NULL,
  `bank` varchar(40) COLLATE utf8_unicode_ci NOT NULL,
  `account` varchar(30) COLLATE utf8_unicode_ci DEFAULT NULL,
  `blood_group` int(4) DEFAULT NULL,
  `religion` int(4) DEFAULT NULL,
  `other_religion_status` varchar(255) COLLATE utf8_unicode_ci DEFAULT NULL,
  `dob` int(11) DEFAULT NULL,
  `gender` tinyint(2) NOT NULL DEFAULT '1',
  `marital_status` tinyint(2) NOT NULL,
  `children` int(3) NOT NULL,
  `house_rent` tinyint(2) NOT NULL DEFAULT '0',
  `status` tinyint(2) NOT NULL DEFAULT '1',
  `created` int(20) DEFAULT NULL,
  `updated` int(11) NOT NULL,
  `terminal` varchar(20) COLLATE utf8_unicode_ci DEFAULT NULL,
  PRIMARY KEY (`id`)
) ENGINE=MyISAM  DEFAULT CHARSET=utf8 COLLATE=utf8_unicode_ci AUTO_INCREMENT=190 ;

--
-- Dumping data for table `employee_personals`
--

INSERT INTO `employee_personals` (`id`, `employee_id`, `nid`, `present_address`, `permanent_address`, `cell`, `other_number`, `email`, `f_name`, `m_name`, `s_name`, `s_profession`, `bank`, `account`, `blood_group`, `religion`, `other_religion_status`, `dob`, `gender`, `marital_status`, `children`, `house_rent`, `status`, `created`, `updated`, `terminal`) VALUES
(1, 1, '', '', '', '', '', '', '', '', '', NULL, 'Agrani Bank Ltd.', '109555', NULL, 1, '', NULL, 1, 1, 1, 0, 1, 1388999596, 1389162317, '192.168.15.56'),
(2, 2, '', '', '', '', '', '', '', '', '', NULL, 'Agrani Bank Ltd.', '108441', NULL, 1, '', NULL, 1, 1, 2, 1, 1, 1389000422, 1389162338, '192.168.15.56'),
(3, 3, '', '', '', '', '', '', '', '', '', NULL, 'Agrani Bank Ltd.', '109596', NULL, 1, '', NULL, 1, 1, 2, 1, 1, 1389000782, 1389596694, '192.168.15.56'),
(4, 4, '', '', '', '', '', '', '', '', '', NULL, 'Agrani Bank Ltd.', '1915193', NULL, 1, '', NULL, 1, 1, 0, 1, 1, 1389000938, 1389162402, '192.168.15.56'),
(5, 5, '', '', '', '', '', '', '', '', '', NULL, 'Agrani Bank Ltd.', '108409', NULL, 1, '', NULL, 1, 1, 1, 1, 1, 1389002463, 1389162459, '192.168.15.56'),
(6, 6, '', '', '', '', '', '', '', '', '', NULL, 'Agrani Bank Ltd.', '125619', NULL, 1, '', NULL, 1, 1, 2, 1, 1, 1389002729, 1389162502, '192.168.15.56'),
(7, 7, '', '', '', '', '', '', '', '', '', NULL, 'Agrani Bank Ltd.', '110521', NULL, 1, '', NULL, 1, 1, 2, 1, 1, 1389002839, 1389162520, '192.168.15.56'),
(8, 8, '', '', '', '', '', '', '', '', '', NULL, 'Agrani Bank Ltd.', '110521', NULL, 2, '', NULL, 1, 1, 2, 1, 1, 1389003003, 1389162557, NULL),
(9, 9, '', '', '', '', '', '', '', '', '', NULL, 'Agrani Bank Ltd.', '109423', NULL, 1, '', NULL, 1, 1, 1, 1, 1, 1389003819, 1389162578, '192.168.15.56'),
(10, 10, '', '', '', '', '', '', '', '', '', NULL, 'Agrani Bank Ltd.', '109497', NULL, 1, '', NULL, 1, 1, 2, 1, 1, 1389003898, 1389162600, '192.168.15.56'),
(11, 11, '', '', '', '', '', '', '', '', '', 2, 'Agrani Bank Ltd.', '109365', NULL, 1, '', NULL, 1, 1, 0, 0, 1, 1389004008, 1389162625, '192.168.15.56'),
(12, 12, '', '', '', '', '', '', '', '', '', NULL, 'Agrani Bank Ltd.', '109662', NULL, 1, '', NULL, 1, 1, 2, 1, 1, 1389004556, 1389162709, '192.168.15.56'),
(13, 13, '', '', '', '', '', '', '', '', '', NULL, 'Agrani Bank Ltd.', '116279', NULL, 1, '', NULL, 1, 1, 2, 1, 1, 1389004656, 1389162730, '192.168.15.56'),
(14, 14, '', '', '', '', '', '', '', '', '', NULL, 'Agrani Bank Ltd.', '110579', NULL, 1, '', NULL, 1, 1, 2, 1, 1, 1389004900, 1389162768, '192.168.15.56'),
(15, 15, '', '', '', '', '', '', '', '', '', NULL, 'Agrani Bank Ltd.', '110538', NULL, 1, '', NULL, 1, 1, 2, 1, 1, 1389004980, 1389162800, '192.168.15.56'),
(16, 16, '', '', '', '', '', '', '', '', '', NULL, 'Agrani Bank Ltd.', '114175', NULL, 1, '', NULL, 1, 1, 2, 1, 1, 1389005079, 1389162843, '192.168.15.56'),
(17, 17, '', '', '', '', '', '', '', '', '', NULL, 'Agrani Bank Ltd.', '115272', NULL, 1, '', NULL, 1, 1, 2, 1, 1, 1389005178, 1389162882, '192.168.15.56'),
(18, 18, '', '', '', '', '', '', '', '', '', NULL, 'Agrani Bank Ltd.', '116329', NULL, 1, '', NULL, 1, 1, 2, 1, 1, 1389005714, 1389162915, '192.168.15.56'),
(19, 19, '', '', '', '', '', '', '', '', '', NULL, 'Agrani Bank Ltd.', '117145', NULL, 1, '', NULL, 1, 1, 0, 1, 1, 1389085628, 1389162931, '192.168.15.56'),
(20, 20, '', '', '', '', '', '', '', '', '', NULL, 'Agrani Bank Ltd.', '02363041', NULL, 1, '', NULL, 1, 1, 0, 1, 1, 1389085739, 1389162946, '192.168.15.56'),
(21, 21, '', '', '', '', '', '', '', '', NULL, NULL, 'Agrani Bank Ltd.', '108103', NULL, 1, '', NULL, 1, 0, 0, 0, 1, 1389087913, 1389498935, '192.168.15.56'),
(22, 22, '', '', '', '', '', '', '', '', NULL, NULL, 'Agrani Bank Ltd.', '108136', NULL, 1, '', NULL, 1, 0, 0, 0, 1, 1389088335, 1389591119, '192.168.15.56'),
(23, 23, '', '', '', '', '', '', '', '', '', NULL, 'Agrani Bank Ltd.', '99771', NULL, 1, '', NULL, 1, 1, 0, 1, 1, 1389088370, 1389591336, NULL),
(24, 24, '', '', '', '', '', '', '', '', '', NULL, 'Agrani Bank Ltd.', '109472', NULL, 1, '', NULL, 1, 1, 2, 1, 1, 1389088523, 1389162981, '192.168.15.56'),
(25, 25, '', '', '', '', '', '', '', '', '', NULL, 'Agrani Bank Ltd.', '47111', NULL, 1, '', NULL, 1, 1, 2, 1, 1, 1389088808, 1389163161, '192.168.15.56'),
(26, 26, '', '', '', '', '', '', '', '', '', NULL, 'Agrani Bank Ltd.', '53159', NULL, 1, '', NULL, 1, 1, 0, 1, 1, 1389088940, 1389163065, '192.168.15.56'),
(27, 27, '', '', '', '', '', '', '', '', '', NULL, 'Agrani Bank Ltd.', '105422', NULL, 1, '', NULL, 1, 1, 1, 1, 1, 1389157217, 1389163025, '192.168.15.56'),
(28, 28, '', '', '', '', '', '', '', '', '', NULL, 'Agrani Bank Ltd.', '111841', NULL, 2, '', NULL, 1, 1, 1, 1, 1, 1389157965, 1389517292, '192.168.15.90'),
(29, 29, '', '', '', '', '', '', '', '', '', NULL, 'Agrani Bank Ltd.', '108474', NULL, 1, '', NULL, 1, 1, 2, 1, 1, 1389158675, 1389517333, '192.168.15.90'),
(30, 30, '', '', '', '', '', '', '', '', '', NULL, 'Agrani Bank Ltd.', '111602', NULL, 1, '', NULL, 1, 1, 1, 1, 1, 1389159386, 1389500861, '192.168.15.90'),
(31, 31, '', '', '', '', '', '', '', '', '', NULL, 'Agrani Bank Ltd.', '112807', NULL, 1, '', NULL, 1, 1, 2, 1, 1, 1389159691, 1389499136, '192.168.15.90'),
(32, 32, '', '', '', '', '', '', '', '', '', NULL, 'Agrani Bank Ltd.', '10837', NULL, 1, '', NULL, 1, 1, 1, 1, 1, 1389160075, 1389499719, '192.168.15.90'),
(33, 33, '', '', '', '', '', '', '', '', '', NULL, 'Agrani Bank Ltd.', '110975', NULL, 1, '', NULL, 1, 1, 1, 1, 1, 1389160345, 1389499056, '192.168.15.90'),
(34, 34, '', '', '', '', '', '', '', '', '', NULL, 'Agrani Bank Ltd.', '109646', NULL, 1, '', NULL, 1, 1, 2, 1, 1, 1389168273, 1389168273, '192.168.15.56'),
(35, 35, '', '', '', '', '', '', '', '', '', NULL, 'Agrani Bank Ltd.', '110554', NULL, 1, '', NULL, 1, 1, 2, 1, 1, 1389168376, 1389168376, '192.168.15.56'),
(36, 36, '', '', '', '', '', '', '', '', '', NULL, 'Agrani Bank Ltd.', '110967', NULL, 1, '', NULL, 1, 1, 2, 1, 1, 1389168479, 1389168479, '192.168.15.56'),
(37, 37, '', '', '', '', '', '', '', '', '', NULL, 'Agrani Bank Ltd.', '110959', NULL, 1, '', NULL, 1, 1, 0, 1, 1, 1389168554, 1389168554, '192.168.15.56'),
(38, 38, '', '', '', '', '', '', '', '', '', NULL, 'Agrani Bank Ltd.', '110876', NULL, 2, '', NULL, 1, 1, 0, 1, 1, 1389168621, 1389168760, '192.168.15.56'),
(39, 39, '', '', '', '', '', '', '', '', '', NULL, 'Agrani Bank Ltd.', '115363', NULL, 1, '', NULL, 1, 1, 2, 1, 1, 1389168734, 1389168734, '192.168.15.56'),
(40, 40, '', '', '', '', '', '', '', '', '', NULL, 'Agrani Bank Ltd.', '115883', NULL, 1, '', NULL, 1, 1, 2, 1, 1, 1389168841, 1389168841, '192.168.15.56'),
(41, 41, '', '', '', '', '', '', '', '', '', NULL, 'Agrani Bank Ltd.', '116849', NULL, 2, '', NULL, 1, 1, 1, 1, 1, 1389168923, 1389591235, '192.168.15.56'),
(42, 42, '', '', '', '', '', '', '', '', '', NULL, 'Agrani Bank Ltd.', '117153', NULL, 1, '', NULL, 1, 1, 0, 1, 1, 1389168989, 1389168989, '192.168.15.56'),
(43, 43, '', '', '', '', '', '', '', '', '', NULL, 'Agrani Bank Ltd.', '111511', NULL, 1, '', NULL, 1, 1, 2, 1, 1, 1389169079, 1389169079, '192.168.15.56'),
(44, 44, '', '', '', '', '', '', '', '', '', NULL, 'Agrani Bank Ltd.', '119273', NULL, 1, '', NULL, 1, 1, 1, 1, 1, 1389169166, 1389169166, '192.168.15.56'),
(45, 45, '', '', '', '', '', '', '', '', '', NULL, 'Agrani Bank Ltd.', '119769', NULL, 1, '', NULL, 1, 1, 2, 1, 1, 1389169236, 1389169236, '192.168.15.56'),
(46, 46, '', '', '', '', '', '', '', '', '', NULL, 'Agrani Bank Ltd.', '112146', NULL, 1, '', NULL, 1, 1, 2, 1, 1, 1389169347, 1389169347, '192.168.15.56'),
(47, 47, '', '', '', '', '', '', '', '', '', NULL, 'Agrani Bank Ltd.', '120487', NULL, 1, '', NULL, 1, 1, 0, 1, 1, 1389169430, 1389169430, '192.168.15.56'),
(48, 48, '', '', '', '', '', '', '', '', '', NULL, 'Agrani Bank Ltd.', '121923', NULL, 1, '', NULL, 1, 1, 2, 1, 1, 1389169526, 1389169526, '192.168.15.56'),
(49, 49, '', '', '', '', '', '', '', '', '', NULL, 'Agrani Bank Ltd.', '112377', NULL, 1, '', NULL, 1, 1, 2, 1, 1, 1389169605, 1389169605, '192.168.15.56'),
(50, 50, '', '', '', '', '', '', '', '', '', NULL, 'Agrani Bank Ltd.', '125651', NULL, 1, '', NULL, 1, 1, 0, 1, 1, 1389169667, 1389169667, '192.168.15.56'),
(51, 51, '', '', '', '', '', '', '', '', '', NULL, 'Agrani Bank Ltd.', '125643', NULL, 2, '', NULL, 1, 1, 0, 1, 1, 1389169731, 1389169731, '192.168.15.56'),
(52, 52, '', '', '', '', '', '', '', '', '', NULL, 'Agrani Bank Ltd.', '126807', NULL, 1, '', NULL, 1, 1, 1, 1, 1, 1389169804, 1389169804, '192.168.15.56'),
(53, 53, '', '', '', '', '', '', '', '', '', NULL, 'Agrani Bank Ltd.', '112476', NULL, 1, '', NULL, 1, 1, 2, 1, 1, 1389169860, 1389169860, '192.168.15.56'),
(54, 54, '', '', '', '', '', '', '', '', '', NULL, 'Agrani Bank Ltd.', '112798', NULL, 1, '', NULL, 1, 1, 2, 1, 1, 1389169914, 1389169914, '192.168.15.56'),
(55, 55, '', '', '', '', '', '', '', '', '', NULL, 'Agrani Bank Ltd.', '133638', NULL, 1, '', NULL, 1, 1, 1, 1, 1, 1389169977, 1389169977, '192.168.15.56'),
(56, 56, '', '', '', '', '', '', '', '', '', NULL, 'Agrani Bank Ltd.', '117368', NULL, 1, '', NULL, 1, 1, 0, 1, 1, 1389170035, 1389170035, '192.168.15.56'),
(57, 57, '', '', '', '', '', '', '', '', '', NULL, 'Agrani Bank Ltd.', '133596', NULL, 1, '', NULL, 1, 1, 2, 1, 1, 1389170091, 1389170091, '192.168.15.56'),
(58, 58, '', '', '', '', '', '', '', '', '', NULL, 'Agrani Bank Ltd.', '1940104', NULL, 1, '', NULL, 2, 1, 0, 1, 1, 1389170172, 1389170172, '192.168.15.56'),
(59, 59, '', '', '', '', '', '', '', '', '', NULL, 'Agrani Bank Ltd.', '111701', NULL, 1, '', NULL, 1, 1, 2, 1, 1, 1389170770, 1389499218, '192.168.15.90'),
(60, 60, '', '', '', '', '', '', '', '', '', NULL, 'Agrani Bank Ltd.', '109398', NULL, 2, '', NULL, 1, 1, 2, 1, 1, 1389171003, 1389500372, '192.168.15.90'),
(61, 61, '', '', '', '', '', '', '', '', '', NULL, 'Agrani Bank Ltd.', '107377', NULL, 1, '', NULL, 1, 1, 0, 1, 1, 1389171200, 1389500541, '192.168.15.90'),
(62, 62, '', '', '', '', '', '', '', '', '', NULL, 'Agrani Bank Ltd.', '111305', NULL, 1, '', NULL, 1, 1, 2, 1, 1, 1389171445, 1389499361, '192.168.15.90'),
(63, 63, '', '', '', '', '', '', '', '', '', NULL, 'Agrani Bank Ltd.', '108747', NULL, 1, '', NULL, 1, 1, 2, 1, 1, 1389171611, 1389501035, '192.168.15.90'),
(64, 64, '', '', '', '', '', '', '', '', '', NULL, 'Agrani Bank Ltd.', '111395', NULL, 1, '', NULL, 1, 1, 1, 1, 1, 1389172327, 1389500940, '192.168.15.90'),
(65, 65, '', '', '', '', '', '', '', '', '', NULL, 'Agrani Bank Ltd.', '111206', NULL, 2, '', NULL, 1, 1, 2, 1, 1, 1389172749, 1389517389, '192.168.15.90'),
(66, 66, '', '', '', '', '', '', '', '', '', NULL, 'Agrani Bank Ltd.', '111478', NULL, 1, '', NULL, 1, 1, 1, 1, 1, 1389173067, 1389517455, '192.168.15.90'),
(67, 67, '', '', '', '', '', '', '', '', '', NULL, 'Agrani Bank Ltd.', '43795', NULL, 1, '', NULL, 1, 1, 2, 1, 1, 1389173233, 1389517498, '192.168.15.90'),
(68, 68, '', '', '', '', '', '', '', '', '', NULL, 'Agrani Bank Ltd.', '112055', NULL, 1, '', NULL, 1, 1, 2, 1, 1, 1389173376, 1389517538, '192.168.15.90'),
(69, 69, '', '', '', '', '', '', '', '', '', NULL, 'Agrani Bank Ltd.', '112006', NULL, 1, '', NULL, 1, 1, 0, 1, 1, 1389173599, 1389517583, '192.168.15.90'),
(70, 70, '', '', '', '', '', '', '', '', '', NULL, 'Agrani Bank Ltd.', '111569', NULL, 1, '', NULL, 1, 1, 0, 1, 1, 1389173807, 1389517628, '192.168.15.90'),
(71, 71, '', '', '', '', '', '', '', '', '', NULL, 'Agrani Bank Ltd.', '107336', NULL, 1, '', NULL, 1, 1, 0, 1, 1, 1389174825, 1389499973, '192.168.15.90'),
(72, 72, '', '', '', '', '', '', '', '', '', NULL, 'Agrani Bank Ltd.', '111073', NULL, 1, '', NULL, 1, 1, 2, 1, 1, 1389175055, 1389500590, '192.168.15.90'),
(73, 73, '', '', '', '', '', '', '', '', '', NULL, 'Agrani Bank Ltd.', '111957', NULL, 1, '', NULL, 1, 1, 0, 1, 1, 1389175242, 1389517673, '192.168.15.90'),
(74, 74, '', '', '', '', '', '', '', '', '', NULL, 'Agrani Bank Ltd.', '112328', NULL, 1, '', NULL, 1, 1, 2, 1, 1, 1389175403, 1389499419, '192.168.15.90'),
(75, 75, '', '', '', '', '', '', '', '', '', NULL, 'Agrani Bank Ltd.', '112385', NULL, 1, '', NULL, 1, 1, 2, 1, 1, 1389175539, 1389517751, '192.168.15.90'),
(76, 76, '', '', '', '', '', '', '', '', '', NULL, 'Agrani Bank Ltd.', '111008', NULL, 1, '', NULL, 1, 1, 1, 1, 1, 1389175657, 1389517803, '192.168.15.90'),
(77, 77, '', '', '', '', '', '', '', '', '', NULL, 'Agrani Bank Ltd.', '111643', NULL, 1, '', NULL, 1, 1, 1, 1, 1, 1389176873, 1389514688, '192.168.15.90'),
(78, 78, '', '', '', '', '', '', '', '', '', NULL, 'Agrani Bank Ltd.', '111651', NULL, 1, '', NULL, 1, 1, 2, 1, 1, 1389177020, 1389501119, '192.168.15.90'),
(79, 79, '', '', '', '', '', '', '', '', '', NULL, 'Agrani Bank Ltd.', '110991', NULL, 1, '', NULL, 1, 1, 2, 1, 1, 1389177117, 1389501166, '192.168.15.90'),
(80, 80, '', '', '', '', '', '', '', '', '', NULL, 'Agrani Bank Ltd.', '80954', NULL, 1, '', NULL, 1, 1, 2, 1, 1, 1389177211, 1389501221, '192.168.15.90'),
(81, 81, '', '', '', '', '', '', '', '', '', NULL, 'Agrani Bank Ltd.', '11281', NULL, 1, '', NULL, 1, 1, 2, 1, 1, 1389177389, 1389501272, '192.168.15.90'),
(82, 82, '', '', '', '', '', '', '', '', '', NULL, 'Agrani Bank Ltd.', '111775', NULL, 1, '', NULL, 1, 1, 2, 1, 1, 1389177522, 1389501331, '192.168.15.90'),
(83, 83, '', '', '', '', '', '', '', '', '', NULL, 'Agrani Bank Ltd.', '111148', NULL, 1, '', NULL, 1, 1, 2, 1, 1, 1389177700, 1389518849, '192.168.15.90'),
(84, 84, '', '', '', '', '', '', '', '', '', NULL, 'Agrani Bank Ltd.', '109943', NULL, 1, '', NULL, 1, 1, 1, 1, 1, 1389238307, 1389514738, '192.168.15.90'),
(85, 85, '', '', '', '', '', '', '', '', '', NULL, 'Agrani Bank Ltd.', '112492', NULL, 1, '', NULL, 1, 1, 2, 1, 1, 1389238441, 1389514791, '192.168.15.90'),
(86, 86, '', '', '', '', '', '', '', '', '', NULL, 'Agrani Bank Ltd.', '61203', NULL, 1, '', NULL, 1, 1, 2, 1, 1, 1389238544, 1389514832, '192.168.15.90'),
(87, 87, '', '', '', '', '', '', '', '', '', NULL, 'Agrani Bank Ltd.', '111032', NULL, 1, '', NULL, 1, 1, 0, 1, 1, 1389238664, 1389514874, '192.168.15.90'),
(88, 88, '', '', '', '', '', '', '', '', '', NULL, 'Agrani Bank Ltd.', '111726', NULL, 1, '', NULL, 1, 1, 2, 1, 1, 1389238761, 1389517026, '192.168.15.90'),
(89, 89, '', '', '', '', '', '', '', '', '', NULL, 'Agrani Bank Ltd.', '89525', NULL, 1, '', NULL, 1, 1, 1, 1, 1, 1389238904, 1389519057, '192.168.15.90'),
(90, 90, '', '', '', '', '', '', '', '', '', NULL, 'Agrani Bank Ltd.', '107666', NULL, 1, '', NULL, 1, 1, 2, 1, 1, 1389239077, 1389518791, '192.168.15.90'),
(91, 91, '', '', '', '', '', '', '', '', '', NULL, 'Agrani Bank Ltd.', '111189', NULL, 1, '', NULL, 1, 1, 0, 1, 1, 1389239230, 1389514521, '192.168.15.90'),
(92, 92, '', '', '', '', '', '', '', '', '', NULL, 'Agrani Bank Ltd.', '111486', NULL, 1, '', NULL, 1, 1, 2, 1, 1, 1389239842, 1389519435, '192.168.15.90'),
(93, 93, '', '', '', '', '', '', '', '', '', NULL, 'Agrani Bank Ltd.', '107897', NULL, 1, '', NULL, 1, 1, 2, 1, 1, 1389240231, 1389519756, '192.168.15.90'),
(94, 94, '', '', '', '', '', '', '', '', '', NULL, 'Agrani Bank Ltd.', '13492', NULL, 1, '', NULL, 1, 1, 0, 1, 1, 1389240343, 1389517104, '192.168.15.90'),
(95, 95, '', '', '', '', '', '', '', '', '', NULL, 'Agrani Bank Ltd.', '101578', NULL, 1, '', NULL, 1, 1, 1, 1, 1, 1389240532, 1389519499, '192.168.15.90'),
(96, 96, '', '', '', '', '', '', '', '', '', NULL, 'Agrani Bank Ltd.', '91142', NULL, 1, '', NULL, 1, 1, 0, 1, 1, 1389244900, 1389518908, '192.168.15.90'),
(97, 97, '', '', '', '', '', '', '', '', '', NULL, 'Agrani Bank Ltd.', '29836', NULL, 1, '', NULL, 1, 1, 0, 1, 1, 1389245013, 1389519820, '192.168.15.90'),
(98, 98, '', '', '', '', '', '', '', '', '', NULL, 'Agrani Bank Ltd.', '111899', NULL, 1, '', NULL, 1, 1, 0, 1, 1, 1389245146, 1389521109, '192.168.15.90'),
(99, 99, '', '', '', '', '', '', '', '', '', NULL, 'Agrani Bank Ltd.', '111791', NULL, 1, '', NULL, 1, 1, 2, 1, 1, 1389245249, 1389521205, '192.168.15.90'),
(100, 100, '', '', '', '', '', '', '', '', '', NULL, 'Agrani Bank Ltd.', '112427', NULL, 1, '', NULL, 1, 1, 1, 1, 1, 1389245370, 1389521364, '192.168.15.90'),
(101, 101, '', '', '', '', '', '', '', '', '', NULL, 'Agrani Bank Ltd.', '80153', NULL, 1, '', NULL, 1, 1, 2, 1, 1, 1389246094, 1389521443, '192.168.15.90'),
(102, 102, '', '', '', '', '', '', '', '', '', NULL, 'Agrani Bank Ltd.', '111809', NULL, 1, '', NULL, 1, 1, 2, 1, 1, 1389246234, 1389521581, '192.168.15.90'),
(103, 103, '', '', '', '', '', '', '', '', '', NULL, 'Agrani Bank Ltd.', '111759', NULL, 1, '', NULL, 1, 1, 0, 1, 1, 1389246364, 1389521640, '192.168.15.90'),
(104, 104, '', '', '', '', '', '', '', '', '', NULL, 'Agrani Bank Ltd.', '11422', NULL, 1, '', NULL, 1, 1, 2, 1, 1, 1389246466, 1389521683, '192.168.15.90'),
(105, 105, '', '', '', '', '', '', '', '', '', NULL, 'Agrani Bank Ltd.', '13872', NULL, 1, '', NULL, 1, 1, 1, 1, 1, 1389246568, 1389517879, '192.168.15.90'),
(106, 106, '', '', '', '', '', '', '', '', '', NULL, 'Agrani Bank Ltd.', '24515', NULL, 1, '', NULL, 1, 1, 2, 1, 1, 1389246655, 1389517928, '192.168.15.90'),
(107, 107, '', '', '', '', '', '', '', '', '', NULL, 'Agrani Bank Ltd.', '111552', NULL, 1, '', NULL, 1, 1, 2, 1, 1, 1389247606, 1389519269, '192.168.15.90'),
(108, 108, '', '', '', '', '', '', '', '', '', NULL, 'Agrani Bank Ltd.', '112253', NULL, 1, '', NULL, 1, 1, 0, 1, 1, 1389248621, 1389521726, '192.168.15.90'),
(109, 109, '', '', '', '', '', '', '', '', '', NULL, 'Agrani Bank Ltd.', '17444', NULL, 1, '', NULL, 1, 1, 1, 1, 1, 1389248714, 1389521773, '192.168.15.90'),
(110, 110, '', '', '', '', '', '', '', '', '', NULL, 'Agrani Bank Ltd.', '111057', NULL, 1, '', NULL, 1, 1, 2, 1, 1, 1389249031, 1389521816, '192.168.15.90'),
(111, 111, '', '', '', '', '', '', '', '', '', NULL, 'Agrani Bank Ltd.', '108458', NULL, 1, '', NULL, 1, 1, 2, 1, 1, 1389249426, 1389587246, '192.168.15.90'),
(112, 112, '', '', '', '', '', '', '', '', '', NULL, 'Agrani Bank Ltd.', '111107', NULL, 1, '', NULL, 1, 1, 1, 1, 1, 1389249634, 1389519345, '192.168.15.90'),
(113, 113, '', '', '', '', '', '', '', '', '', NULL, 'Agrani Bank Ltd.', '84336', NULL, 1, '', NULL, 1, 1, 2, 1, 1, 1389249769, 1389587305, '192.168.15.90'),
(114, 114, '', '', '', '', '', '', '', '', '', NULL, 'Agrani Bank Ltd.', '111817', NULL, 1, '', NULL, 1, 1, 2, 1, 1, 1389249973, 1389592147, '192.168.15.90'),
(115, 115, '', '', '', '', '', '', '', '', '', NULL, 'Agrani Bank Ltd.', '111131', NULL, 1, '', NULL, 1, 1, 0, 1, 1, 1389250126, 1389587354, '192.168.15.90'),
(116, 116, '', '', '', '', '', '', '', '', '', NULL, 'Agrani Bank Ltd.', '111115', NULL, 1, '', NULL, 1, 1, 2, 1, 1, 1389250222, 1389587416, '192.168.15.90'),
(117, 117, '', '', '', '', '', '', '', '', '', NULL, 'Agrani Bank Ltd.', '111214', NULL, 1, '', NULL, 1, 1, 0, 1, 1, 1389250321, 1389587468, '192.168.15.90'),
(118, 118, '', '', '', '', '', '', '', '', '', NULL, 'Agrani Bank Ltd.', '111858', NULL, 1, '', NULL, 1, 1, 1, 1, 1, 1389250516, 1389587533, '192.168.15.90'),
(119, 119, '', '', '', '', '', '', '', '', '', NULL, 'Agrani Bank Ltd.', '112369', NULL, 1, '', NULL, 1, 1, 0, 1, 1, 1389250669, 1389519568, '192.168.15.90'),
(120, 120, '', '', '', '', '', '', '', '', '', NULL, 'Agrani Bank Ltd.', '111271', NULL, 1, '', NULL, 1, 1, 0, 1, 1, 1389250862, 1389589005, '192.168.15.90'),
(121, 121, '', '', '', '', '', '', '', '', '', NULL, 'Agrani Bank Ltd.', '111692', NULL, 1, '', NULL, 1, 1, 1, 1, 1, 1389250957, 1389589614, '192.168.15.90'),
(122, 122, '', '', '', '', '', '', '', '', '', NULL, 'Agrani Bank Ltd.', '30232', NULL, 1, '', NULL, 1, 1, 1, 1, 1, 1389251084, 1389589755, '192.168.15.90'),
(123, 123, '', '', '', '', '', '', '', '', '', NULL, 'Agrani Bank Ltd.', '111453', NULL, 1, '', NULL, 1, 1, 1, 1, 1, 1389251157, 1389589055, '192.168.15.90'),
(124, 124, '', '', '', '', '', '', '', '', '', NULL, 'Agrani Bank Ltd.', '108177', NULL, 1, '', NULL, 1, 1, 1, 1, 1, 1389251426, 1389517979, '192.168.15.90'),
(125, 125, '', '', '', '', '', '', '', '', '', NULL, 'Agrani Bank Ltd.', '111503', NULL, 1, '', NULL, 1, 1, 0, 1, 1, 1389251577, 1389587596, '192.168.15.90'),
(126, 126, '', '', '', '', '', '', '', '', '', NULL, 'Agrani Bank Ltd.', '112757', NULL, 1, '', NULL, 1, 1, 0, 1, 1, 1389251698, 1389590205, '192.168.15.90'),
(127, 127, '', '', '', '', '', '', '', '', '', NULL, 'Agrani Bank Ltd.', '50164', NULL, 1, '', NULL, 1, 1, 1, 1, 1, 1389251900, 1389592633, '192.168.15.90'),
(128, 128, '', '', '', '', '', '', '', '', '', NULL, 'Agrani Bank Ltd.', '108053', NULL, 2, '', NULL, 1, 1, 0, 1, 1, 1389252026, 1389518040, '192.168.15.90'),
(129, 129, '', '', '', '', '', '', '', '', '', NULL, 'Agrani Bank Ltd.', '111593', NULL, 1, '', NULL, 1, 1, 1, 1, 1, 1389252114, 1389518088, '192.168.15.90'),
(130, 130, '', '', '', '', '', '', '', '', '', NULL, 'Agrani Bank Ltd.', '112501', NULL, 1, '', NULL, 1, 1, 1, 1, 1, 1389252326, 1389518131, '192.168.15.90'),
(131, 131, '', '', '', '', '', '', '', '', '', NULL, 'Agrani Bank Ltd.', '111016', NULL, 1, '', NULL, 1, 1, 1, 1, 1, 1389252417, 1389518197, '192.168.15.90'),
(132, 132, '', '', '', '', '', '', '', '', '', NULL, 'Agrani Bank Ltd.', '76523', NULL, 1, '', NULL, 1, 1, 2, 1, 1, 1389252682, 1389518255, '192.168.15.90'),
(133, 133, '', '', '', '', '', '', '', '', '', NULL, 'Agrani Bank Ltd.', '111882', NULL, 1, '', NULL, 1, 1, 0, 1, 1, 1389252891, 1389514639, '192.168.15.90'),
(134, 134, '', '', '', '', '', '', '', '', '', NULL, 'Agrani Bank Ltd.', '101586', NULL, 1, '', NULL, 1, 1, 2, 1, 1, 1389253222, 1389519674, '192.168.15.90'),
(135, 135, '', '', '', '', '', '', '', '', '', NULL, 'Agrani Bank Ltd.', '111081', NULL, 1, '', NULL, 1, 1, 2, 1, 1, 1389253310, 1389587643, '192.168.15.90'),
(136, 136, '', '', '', '', '', '', '', '', '', NULL, 'Agrani Bank Ltd.', '111247', NULL, 1, '', NULL, 1, 1, 2, 1, 1, 1389253369, 1389587701, '192.168.15.90'),
(137, 137, '', '', '', '', '', '', '', '', '', NULL, 'Agrani Bank Ltd.', '111412', NULL, 1, '', NULL, 1, 1, 1, 1, 1, 1389253442, 1389587747, '192.168.15.90'),
(138, 138, '', '', '', '', '', '', '', '', '', NULL, 'Agrani Bank Ltd.', '112352', NULL, 1, '', NULL, 1, 1, 1, 1, 1, 1389256727, 1389587801, '192.168.15.90'),
(139, 139, '', '', '', '', '', '', '', '', '', NULL, 'Agrani Bank Ltd.', '29679', NULL, 2, '', NULL, 1, 1, 1, 1, 1, 1389256906, 1389518407, '192.168.15.90'),
(140, 140, '', '', '', '', '', '', '', '', '', NULL, 'Agrani Bank Ltd.', '111098', NULL, 1, '', NULL, 1, 1, 1, 1, 1, 1389257080, 1389587846, '192.168.15.90'),
(141, 141, '', '', '', '', '', '', '', '', '', NULL, 'Agrani Bank Ltd.', '112848', NULL, 1, '', NULL, 1, 1, 0, 1, 1, 1389257181, 1389590301, '192.168.15.90'),
(142, 142, '', '', '', '', '', '', '', '', '', NULL, 'Agrani Bank Ltd.', '111172', NULL, 1, '', NULL, 1, 1, 1, 1, 1, 1389257269, 1389589364, '192.168.15.90'),
(143, 143, '', '', '', '', '', '', '', '', '', NULL, 'Agrani Bank Ltd.', '111742', NULL, 1, '', NULL, 1, 1, 0, 1, 1, 1389257371, 1389587905, '192.168.15.90'),
(144, 144, '', '', '', '', '', '', '', '', '', NULL, 'Agrani Bank Ltd.', '111156', NULL, 1, '', NULL, 1, 1, 2, 1, 1, 1389257479, 1389589114, '192.168.15.90'),
(145, 145, '', '', '', '', '', '', '', '', '', NULL, 'Agrani Bank Ltd.', '111783', NULL, 1, '', NULL, 1, 1, 2, 1, 1, 1389257582, 1389518487, '192.168.15.90'),
(146, 146, '', '', '', '', '', '', '', '', '', NULL, 'Agrani Bank Ltd.', '112393', NULL, 1, '', NULL, 1, 1, 2, 1, 1, 1389257674, 1389587999, '192.168.15.90'),
(147, 147, '', '', '', '', '', '', '', '', '', NULL, 'Agrani Bank Ltd.', '109076', NULL, 1, '', NULL, 1, 1, 2, 1, 1, 1389257835, 1389501399, '192.168.15.90'),
(148, 148, '', '', '', '', '', '', '', '', '', NULL, 'Agrani Bank Ltd.', '112443', NULL, 2, '', NULL, 1, 1, 1, 1, 1, 1389258060, 1389518719, '192.168.15.90'),
(149, 149, '', '', '', '', '', '', '', '', '', NULL, 'Agrani Bank Ltd.', '109869', NULL, 1, '', NULL, 1, 1, 1, 1, 1, 1389258203, 1389500070, '192.168.15.90'),
(150, 150, '', '', '', '', '', '', '', '', '', NULL, 'Agrani Bank Ltd.', '112402', NULL, 1, '', NULL, 1, 1, 1, 1, 1, 1389258324, 1389500131, '192.168.15.90'),
(151, 151, '', '', '', '', '', '', '', '', '', NULL, 'Agrani Bank Ltd.', '111288', NULL, 1, '', NULL, 1, 1, 2, 1, 1, 1389258421, 1389589859, '192.168.15.90'),
(152, 152, '', '', '', '', '', '', '', '', '', NULL, 'Agrani Bank Ltd.', '111916', NULL, 1, '', NULL, 1, 1, 1, 1, 1, 1389258527, 1389589163, '192.168.15.90'),
(153, 153, '', '', '', '', '', '', '', '', '', NULL, 'Agrani Bank Ltd.', '111676', NULL, 1, '', NULL, 1, 1, 2, 1, 1, 1389258617, 1389589234, '192.168.15.90'),
(154, 154, '', '', '', '', '', '', '', '', '', NULL, 'Agrani Bank Ltd.', '111461', NULL, 1, '', NULL, 1, 1, 1, 1, 1, 1389258769, 1389590362, '192.168.15.90'),
(155, 155, '', '', '', '', '', '', '', '', '', NULL, 'Agrani Bank Ltd.', '111164', NULL, 1, '', NULL, 1, 1, 2, 1, 1, 1389258895, 1389589461, '192.168.15.90'),
(156, 156, '', '', '', '', '', '', '', '', '', NULL, 'Agrani Bank Ltd.', '111263', NULL, 1, '', NULL, 1, 1, 1, 1, 1, 1389259002, 1389590442, '192.168.15.90'),
(157, 157, '', '', '', '', '', '', '', '', '', NULL, 'Agrani Bank Ltd.', '111528', NULL, 1, '', NULL, 1, 1, 2, 1, 1, 1389259111, 1389588109, '192.168.15.90'),
(158, 158, '', '', '', '', '', '', '', '', '', NULL, 'Agrani Bank Ltd.', '111908', NULL, 1, '', NULL, 1, 1, 2, 1, 1, 1389259254, 1389501454, '192.168.15.90'),
(159, 159, '', '', '', '', '', '', '', '', '', NULL, 'Agrani Bank Ltd.', '110851', NULL, 2, '', NULL, 1, 1, 2, 1, 1, 1389259395, 1389501496, '192.168.15.90'),
(160, 160, '', '', '', '', '', '', '', '', '', NULL, 'Agrani Bank Ltd.', '111321', NULL, 1, '', NULL, 1, 1, 2, 1, 1, 1389259528, 1389590503, '192.168.15.90'),
(161, 161, '', '', '', '', '', '', '', '', '', NULL, 'Agrani Bank Ltd.', '112204', NULL, 1, '', NULL, 1, 1, 2, 1, 1, 1389259778, 1389588201, '192.168.15.90'),
(162, 162, '', '', '', '', '', '', '', '', '', NULL, 'Agrani Bank Ltd.', '112138', NULL, 1, '', NULL, 1, 1, 2, 1, 1, 1389259970, 1389588310, '192.168.15.90'),
(163, 163, '', '', '', '', '', '', '', '', '', NULL, 'Agrani Bank Ltd.', '111024', NULL, 1, '', NULL, 1, 1, 1, 1, 1, 1389260143, 1389518535, '192.168.15.90'),
(164, 164, '', '', '', '', '', '', '', '', '', NULL, 'Agrani Bank Ltd.', '112633', NULL, 1, '', NULL, 1, 1, 2, 1, 1, 1389260324, 1389588499, '192.168.15.90'),
(165, 165, '', '', '', '', '', '', '', '', '', NULL, 'Agrani Bank Ltd.', '111619', NULL, 1, '', NULL, 1, 1, 2, 1, 1, 1389260491, 1389589276, '192.168.15.90'),
(166, 166, '', '', '', '', '', '', '', '', '', NULL, 'Agrani Bank Ltd.', '112468', NULL, 1, '', NULL, 1, 1, 0, 1, 1, 1389260736, 1389588634, '192.168.15.90'),
(167, 167, '', '', '', '', '', '', '', '', '', NULL, 'Agrani Bank Ltd.', '111379', NULL, 1, '', NULL, 1, 1, 2, 1, 1, 1389260831, 1389590027, '192.168.15.90'),
(168, 168, '', '', '', '', '', '', '', '', '', NULL, 'Agrani Bank Ltd.', '111049', NULL, 2, '', NULL, 1, 1, 1, 1, 1, 1389260984, 1389588702, '192.168.15.90'),
(169, 169, '', '', '', '', '', '', '', '', '', NULL, 'Agrani Bank Ltd.', '111222', NULL, 1, '', NULL, 1, 1, 0, 1, 1, 1389261090, 1389590116, '192.168.15.90'),
(170, 170, '', '', '', '', '', '', '', '', '', NULL, 'Agrani Bank Ltd.', '111313', NULL, 1, '', NULL, 1, 1, 2, 1, 1, 1389261247, 1389518963, '192.168.15.90'),
(171, 171, '', '', '', '', '', '', '', '', '', NULL, 'Agrani Bank Ltd.', '106908', NULL, 1, '', NULL, 1, 1, 2, 1, 1, 1389261327, 1389588763, '192.168.15.90'),
(172, 172, '', '', '', '', '', '', '', '', '', NULL, 'Agrani Bank Ltd.', '34107617', NULL, 1, '', NULL, 1, 1, 2, 1, 1, 1389261407, 1389518616, '192.168.15.90'),
(173, 173, '', '', '', '', '', '', '', '', '', NULL, 'Agrani Bank Ltd.', '111718', NULL, 1, '', NULL, 1, 1, 2, 1, 1, 1389261499, 1389518661, '192.168.15.90'),
(174, 174, '', '', '', '', '', '', '', '', '', NULL, 'Agrani Bank Ltd.', '111577', NULL, 1, '', NULL, 1, 1, 1, 1, 1, 1389261667, 1389501564, '192.168.15.90'),
(175, 175, '', '', '', '', '', '', '', '', '', NULL, 'Agrani Bank Ltd.', '111734', NULL, 1, '', NULL, 1, 1, 1, 1, 1, 1389261808, 1389588858, '192.168.15.90'),
(176, 176, '', '', '', '', '', '', '', '', '', NULL, 'Agrani Bank Ltd.', '111123', NULL, 1, '', NULL, 1, 1, 1, 1, 1, 1389261952, 1389588941, '192.168.15.90'),
(177, 177, '', '', '', '', '', '', '', '', '', NULL, 'Agrani Bank Ltd.', '108945', NULL, 1, '', NULL, 1, 1, 1, 1, 1, 1389262284, 1389590568, '192.168.15.90'),
(178, 178, '', '', '', '', '', '', '', '', '', NULL, 'Agrani Bank Ltd.', '115677', NULL, 1, '', NULL, 1, 1, 0, 1, 1, 1389263450, 1389500776, '192.168.15.90'),
(179, 179, '', '', '', '', '', '', '', '', '', NULL, 'Agrani Bank Ltd.', '119513', NULL, 1, '', NULL, 1, 1, 0, 1, 1, 1389263594, 1389500197, '192.168.15.90'),
(180, 180, '', '', '', '', '', '', '', '', '', NULL, 'Agrani Bank Ltd.', '125346', NULL, 1, '', NULL, 1, 1, 0, 1, 1, 1389263703, 1389499914, '192.168.15.90'),
(181, 181, '', '', '', '', '', '', '', '', '', NULL, 'Agrani Bank Ltd.', '1212533', NULL, 1, '', NULL, 1, 1, 0, 1, 1, 1389263847, 1389500264, '192.168.15.90'),
(182, 182, '', '', '', '', '', '', '', '', '', NULL, 'Agrani Bank Ltd.', '34114043', NULL, 1, '', NULL, 1, 1, 0, 1, 1, 1389263958, 1389517170, '192.168.15.90'),
(183, 183, '', '', '', '', '', '', '', '', '', NULL, 'Agrani Bank Ltd.', '01211537', NULL, 1, '', NULL, 1, 1, 0, 1, 1, 1389264044, 1389517221, '192.168.15.90'),
(184, 184, '', '', '', '', '', '', '', '', '', NULL, 'Agrani Bank Ltd.', '01212000', NULL, 1, '', NULL, 1, 1, 1, 1, 1, 1389264226, 1389519174, '192.168.15.90'),
(185, 185, '', '', '', '', '', '', '', '', '', NULL, 'Agrani Bank Ltd.', '112245', NULL, 1, '', NULL, 1, 1, 0, 1, 1, 1389592001, 1389592001, '192.168.15.92'),
(186, 186, '', '', '', '', '', '', '', '', '', NULL, 'Agrani Bank Ltd.', '107633', NULL, 1, '', NULL, 2, 1, 1, 1, 1, 1389595363, 1389595363, '192.168.15.92'),
(187, 187, '', '', '', '', '', '', '', '', '', NULL, 'Agrani Bank Ltd.', '22262', NULL, 1, '', NULL, 1, 1, 1, 1, 1, 1389596662, 1389597522, '192.168.15.92'),
(188, 188, '', '', '', '', '', '', '', '', '', NULL, 'Agrani Bank Ltd.', '109448', NULL, 1, '', NULL, 1, 1, 0, 1, 1, 1389596914, 1389597457, '192.168.15.92'),
(189, 189, '', '', '', '', '', '', '', '', '', NULL, 'Agrani Bank Ltd.', '116361', NULL, 1, '', NULL, 1, 1, 2, 1, 1, 1389597180, 1389597492, '192.168.15.92');

-- --------------------------------------------------------

--
-- Table structure for table `festival_allowances`
--

DROP TABLE IF EXISTS `festival_allowances`;
CREATE TABLE IF NOT EXISTS `festival_allowances` (
  `id` int(11) NOT NULL AUTO_INCREMENT,
  `user_id` int(11) NOT NULL,
  `designation_id` int(11) NOT NULL,
  `employee_id` int(11) NOT NULL,
  `grade` int(11) NOT NULL,
  `basic` double NOT NULL,
  `religion` int(4) NOT NULL,
  `payable` double NOT NULL,
  `in_word` varchar(255) COLLATE utf8_unicode_ci NOT NULL,
  `approve_date` int(11) NOT NULL,
  `payment_date` int(11) NOT NULL,
  `festival` int(5) NOT NULL,
  `status` tinyint(2) NOT NULL,
  `created` int(11) NOT NULL,
  `updated` int(11) NOT NULL,
  `terminal` varchar(20) COLLATE utf8_unicode_ci NOT NULL,
  PRIMARY KEY (`id`)
) ENGINE=InnoDB DEFAULT CHARSET=utf8 COLLATE=utf8_unicode_ci AUTO_INCREMENT=1 ;

--
-- Dumping data for table `festival_allowances`
--


-- --------------------------------------------------------

--
-- Table structure for table `fixations`
--

DROP TABLE IF EXISTS `fixations`;
CREATE TABLE IF NOT EXISTS `fixations` (
  `id` int(11) NOT NULL AUTO_INCREMENT,
  `salary_id` int(11) NOT NULL,
  `status` tinyint(2) NOT NULL,
  `created` int(11) NOT NULL,
  `updated` int(11) NOT NULL,
  `terminal` varchar(20) COLLATE utf8_unicode_ci NOT NULL,
  PRIMARY KEY (`id`)
) ENGINE=InnoDB DEFAULT CHARSET=utf8 COLLATE=utf8_unicode_ci COMMENT='basic salary settings' AUTO_INCREMENT=1 ;

--
-- Dumping data for table `fixations`
--


-- --------------------------------------------------------

--
-- Table structure for table `generated_deductions`
--

DROP TABLE IF EXISTS `generated_deductions`;
CREATE TABLE IF NOT EXISTS `generated_deductions` (
  `id` int(11) NOT NULL AUTO_INCREMENT,
  `gs_id` int(11) NOT NULL,
  `user_id` int(11) NOT NULL,
  `designation_id` int(11) NOT NULL,
  `employee_id` int(11) NOT NULL,
  `salary_id` int(11) NOT NULL,
  `deduction_id` int(11) NOT NULL,
  `grade` int(11) NOT NULL,
  `cpf1` double NOT NULL DEFAULT '0',
  `cpf2` double DEFAULT '0',
  `arrear_cpf` double DEFAULT '0',
  `cpf_loan1` double DEFAULT '0',
  `cpf_loan2` double DEFAULT '0',
  `house_loan` double DEFAULT '0',
  `vehicle_loan` double DEFAULT '0',
  `cpf_interest` double DEFAULT '0',
  `hv_interest` double DEFAULT '0',
  `benevolent_fund` double DEFAULT '0',
  `house_rent_deduct` double DEFAULT '0',
  `transport_bill` double DEFAULT '0',
  `personal_vehicle` double DEFAULT '0',
  `group_insurance` int(11) DEFAULT '0',
  `w_s` double DEFAULT '0',
  `fuel` double DEFAULT '0',
  `overdrawn` double DEFAULT '0',
  `phone_bill` double DEFAULT '0',
  `tax` double DEFAULT '0',
  `miscellaneous_deduct` double DEFAULT '0',
  `total_sub` double NOT NULL,
  `in_word` varchar(255) COLLATE utf8_unicode_ci NOT NULL,
  `status` tinyint(2) NOT NULL,
  `created` int(11) NOT NULL,
  `updated` int(11) NOT NULL,
  `terminal` varchar(20) COLLATE utf8_unicode_ci NOT NULL,
  PRIMARY KEY (`id`)
) ENGINE=InnoDB DEFAULT CHARSET=utf8 COLLATE=utf8_unicode_ci AUTO_INCREMENT=1 ;

--
-- Dumping data for table `generated_deductions`
--


-- --------------------------------------------------------

--
-- Table structure for table `generated_salaries`
--

DROP TABLE IF EXISTS `generated_salaries`;
CREATE TABLE IF NOT EXISTS `generated_salaries` (
  `id` int(11) NOT NULL AUTO_INCREMENT,
  `user_id` int(11) NOT NULL,
  `designation_id` int(11) NOT NULL,
  `employee_id` int(11) NOT NULL,
  `salary_id` int(11) NOT NULL,
  `grade` int(11) NOT NULL,
  `basic` double NOT NULL,
  `house_rent` double NOT NULL,
  `medical` int(11) NOT NULL,
  `pp` double DEFAULT '0',
  `edu` int(11) DEFAULT '0',
  `charge` double DEFAULT '0',
  `dearness` double DEFAULT '0',
  `conveyance` int(11) DEFAULT '0',
  `tiffin` int(11) DEFAULT '0',
  `washing` int(11) DEFAULT '0',
  `deputation` int(11) DEFAULT '0',
  `aid` int(11) DEFAULT '0',
  `sumptuary` int(11) DEFAULT '0',
  `arrear` double DEFAULT '0',
  `miscellaneous` double DEFAULT '0',
  `fraction_increment` double DEFAULT '0',
  `total_add` double NOT NULL,
  `payable` double NOT NULL,
  `in_word` varchar(255) COLLATE utf8_unicode_ci NOT NULL,
  `status` tinyint(6) NOT NULL,
  `created` int(11) NOT NULL,
  `updated` int(11) NOT NULL,
  `terminal` varchar(20) COLLATE utf8_unicode_ci NOT NULL,
  PRIMARY KEY (`id`)
) ENGINE=InnoDB DEFAULT CHARSET=utf8 COLLATE=utf8_unicode_ci AUTO_INCREMENT=1 ;

--
-- Dumping data for table `generated_salaries`
--


-- --------------------------------------------------------

--
-- Table structure for table `increments`
--

DROP TABLE IF EXISTS `increments`;
CREATE TABLE IF NOT EXISTS `increments` (
  `id` int(11) NOT NULL AUTO_INCREMENT,
  `user_id` int(11) NOT NULL,
  `employee_id` int(11) NOT NULL,
  `amount` double NOT NULL,
  `days` int(11) NOT NULL COMMENT 'Eligible days of the incremented month',
  `increment_date` int(11) NOT NULL,
  `previous_total` decimal(10,0) NOT NULL,
  `previous_number` int(11) NOT NULL,
  `status` tinyint(2) NOT NULL,
  `created` int(11) NOT NULL,
  `updated` int(11) NOT NULL,
  `terminal` varchar(20) COLLATE utf8_unicode_ci NOT NULL,
  PRIMARY KEY (`id`)
) ENGINE=InnoDB DEFAULT CHARSET=utf8 COLLATE=utf8_unicode_ci AUTO_INCREMENT=1 ;

--
-- Dumping data for table `increments`
--


-- --------------------------------------------------------

--
-- Table structure for table `liens`
--

DROP TABLE IF EXISTS `liens`;
CREATE TABLE IF NOT EXISTS `liens` (
  `id` int(11) NOT NULL AUTO_INCREMENT,
  `user_id` int(11) NOT NULL,
  `employee_id` int(11) NOT NULL,
  `taken` int(11) NOT NULL,
  `released` int(11) DEFAULT NULL,
  `organization` varchar(255) COLLATE utf8_unicode_ci NOT NULL,
  `status` tinyint(3) NOT NULL,
  `created` int(11) NOT NULL,
  `updated` int(11) NOT NULL,
  `terminal` varchar(20) COLLATE utf8_unicode_ci NOT NULL,
  PRIMARY KEY (`id`)
) ENGINE=InnoDB DEFAULT CHARSET=utf8 COLLATE=utf8_unicode_ci AUTO_INCREMENT=1 ;

--
-- Dumping data for table `liens`
--


-- --------------------------------------------------------

--
-- Table structure for table `loans`
--

DROP TABLE IF EXISTS `loans`;
CREATE TABLE IF NOT EXISTS `loans` (
  `id` int(11) NOT NULL AUTO_INCREMENT,
  `user_id` int(11) NOT NULL,
  `employee_id` int(11) NOT NULL,
  `designation_id` int(11) NOT NULL,
  `execution_date` int(11) NOT NULL,
  `total` double NOT NULL,
  `total_installment` int(11) NOT NULL,
  `amount` int(11) NOT NULL,
  `total_interest` int(11) NOT NULL,
  `interest_installment` int(11) NOT NULL,
  `type` tinyint(3) NOT NULL,
  `status` tinyint(3) NOT NULL,
  `created` int(11) NOT NULL,
  `updated` int(11) NOT NULL,
  `terminal` varchar(20) COLLATE utf8_unicode_ci NOT NULL,
  PRIMARY KEY (`id`)
) ENGINE=InnoDB DEFAULT CHARSET=utf8 COLLATE=utf8_unicode_ci AUTO_INCREMENT=1 ;

--
-- Dumping data for table `loans`
--


-- --------------------------------------------------------

--
-- Table structure for table `pay_scales`
--

DROP TABLE IF EXISTS `pay_scales`;
CREATE TABLE IF NOT EXISTS `pay_scales` (
  `id` int(11) NOT NULL AUTO_INCREMENT,
  `grade` int(11) NOT NULL,
  `scale` decimal(10,0) NOT NULL,
  `increment` decimal(10,0) NOT NULL DEFAULT '0',
  `increment_iteration` int(5) NOT NULL DEFAULT '0',
  `eb` decimal(10,0) NOT NULL DEFAULT '0',
  `eb_iteration` int(5) NOT NULL DEFAULT '0',
  `status` tinyint(2) NOT NULL DEFAULT '1',
  `created` int(11) NOT NULL,
  `updated` int(11) NOT NULL,
  `terminal` varchar(20) COLLATE utf8_unicode_ci NOT NULL,
  PRIMARY KEY (`id`)
) ENGINE=InnoDB  DEFAULT CHARSET=utf8 COLLATE=utf8_unicode_ci AUTO_INCREMENT=21 ;

--
-- Dumping data for table `pay_scales`
--

INSERT INTO `pay_scales` (`id`, `grade`, `scale`, `increment`, `increment_iteration`, `eb`, `eb_iteration`, `status`, `created`, `updated`, `terminal`) VALUES
(1, 1, '40000', '0', 0, '0', 0, 1, 1379395240, 1379395240, '::1'),
(2, 2, '33500', '1200', 5, '0', 0, 1, 1379396401, 1379396401, '::1'),
(3, 3, '29000', '1100', 6, '0', 0, 1, 1379396675, 1379396675, '::1'),
(4, 4, '25000', '1000', 8, '0', 0, 1, 1379397190, 1379397190, '::1'),
(5, 5, '22250', '900', 10, '0', 0, 1, 1379397267, 1379397267, '::1'),
(6, 6, '18500', '800', 14, '0', 0, 1, 1379397297, 1379397297, '::1'),
(7, 9, '11000', '490', 7, '540', 11, 1, 1379397363, 1379397363, '::1'),
(8, 10, '8000', '450', 7, '490', 11, 1, 1379397423, 1379397423, '::1'),
(9, 11, '6400', '415', 7, '450', 11, 1, 1379397464, 1379397464, '::1'),
(10, 13, '5500', '345', 7, '380', 11, 1, 1379397511, 1379397511, '::1'),
(11, 14, '5200', '320', 7, '345', 11, 1, 1379397568, 1379397568, '::1'),
(12, 15, '4900', '290', 7, '320', 11, 1, 1379397850, 1379397850, '::1'),
(13, 16, '4700', '265', 7, '290', 11, 1, 1379397892, 1379397892, '::1'),
(14, 18, '4400', '220', 7, '240', 11, 1, 1379397940, 1379397940, '::1'),
(15, 20, '4100', '190', 7, '210', 11, 1, 1379397974, 1379397974, '::1'),
(16, 7, '15000', '700', 16, '0', 0, 1, 1379402276, 1379402276, '::1'),
(17, 8, '12000', '600', 16, '0', 0, 1, 1379402314, 1379402314, '::1'),
(18, 12, '5900', '380', 7, '415', 11, 1, 1379405455, 1379405455, '::1'),
(19, 17, '4500', '240', 7, '265', 11, 1, 1379405606, 1379405606, '::1'),
(20, 19, '4250', '210', 7, '220', 11, 1, 1379405640, 1379405640, '::1');

-- --------------------------------------------------------

--
-- Table structure for table `prls`
--

DROP TABLE IF EXISTS `prls`;
CREATE TABLE IF NOT EXISTS `prls` (
  `id` int(11) NOT NULL AUTO_INCREMENT,
  `user_id` int(11) NOT NULL,
  `employee_id` int(11) NOT NULL,
  `date` int(11) NOT NULL,
  `status` tinyint(3) NOT NULL,
  `created` int(11) NOT NULL,
  `updated` int(11) NOT NULL,
  `terminal` varchar(20) COLLATE utf8_unicode_ci NOT NULL,
  PRIMARY KEY (`id`)
) ENGINE=InnoDB DEFAULT CHARSET=utf8 COLLATE=utf8_unicode_ci AUTO_INCREMENT=1 ;

--
-- Dumping data for table `prls`
--


-- --------------------------------------------------------

--
-- Table structure for table `promotions`
--

DROP TABLE IF EXISTS `promotions`;
CREATE TABLE IF NOT EXISTS `promotions` (
  `id` int(11) NOT NULL AUTO_INCREMENT,
  `user_id` int(11) NOT NULL,
  `employee_id` int(11) NOT NULL,
  `promotion_date` int(11) NOT NULL,
  `amount` double NOT NULL,
  `previous_grade` int(11) NOT NULL,
  `previous_designation` int(11) NOT NULL,
  `previous_total_increment` decimal(10,0) NOT NULL,
  `previous_increment_number` int(11) NOT NULL,
  `status` tinyint(2) NOT NULL,
  `created` int(11) NOT NULL,
  `updated` int(11) NOT NULL,
  `terminal` varchar(20) COLLATE utf8_unicode_ci NOT NULL,
  PRIMARY KEY (`id`)
) ENGINE=InnoDB DEFAULT CHARSET=utf8 COLLATE=utf8_unicode_ci AUTO_INCREMENT=1 ;

--
-- Dumping data for table `promotions`
--


-- --------------------------------------------------------

--
-- Table structure for table `refunds`
--

DROP TABLE IF EXISTS `refunds`;
CREATE TABLE IF NOT EXISTS `refunds` (
  `id` int(11) NOT NULL AUTO_INCREMENT,
  `user_id` int(11) NOT NULL,
  `loan_id` int(11) NOT NULL,
  `execution_date` int(11) NOT NULL,
  `paid_amount` double NOT NULL,
  `paid_installment` int(11) NOT NULL,
  `balance` double NOT NULL,
  `paid_interest` int(11) NOT NULL,
  `paid_interest_installment` int(11) NOT NULL,
  `interest_balance` int(11) NOT NULL,
  `status` tinyint(2) NOT NULL,
  `created` int(11) NOT NULL,
  `updated` int(11) NOT NULL,
  `terminal` varchar(20) COLLATE utf8_unicode_ci NOT NULL,
  PRIMARY KEY (`id`)
) ENGINE=InnoDB DEFAULT CHARSET=utf8 COLLATE=utf8_unicode_ci AUTO_INCREMENT=1 ;

--
-- Dumping data for table `refunds`
--


-- --------------------------------------------------------

--
-- Table structure for table `retirements`
--

DROP TABLE IF EXISTS `retirements`;
CREATE TABLE IF NOT EXISTS `retirements` (
  `id` int(11) NOT NULL AUTO_INCREMENT,
  `user_id` int(11) NOT NULL,
  `employee_id` int(11) NOT NULL,
  `date` int(11) NOT NULL,
  `status` tinyint(3) NOT NULL,
  `created` int(11) NOT NULL,
  `updated` int(11) NOT NULL,
  `terminal` varchar(20) COLLATE utf8_unicode_ci NOT NULL,
  PRIMARY KEY (`id`)
) ENGINE=InnoDB DEFAULT CHARSET=utf8 COLLATE=utf8_unicode_ci AUTO_INCREMENT=1 ;

--
-- Dumping data for table `retirements`
--


-- --------------------------------------------------------

--
-- Table structure for table `salaries`
--

DROP TABLE IF EXISTS `salaries`;
CREATE TABLE IF NOT EXISTS `salaries` (
  `id` int(11) NOT NULL AUTO_INCREMENT,
  `user_id` int(11) NOT NULL,
  `designation_id` int(11) NOT NULL,
  `employee_id` int(11) NOT NULL,
  `grade` int(11) NOT NULL,
  `basic` double NOT NULL,
  `house_rent` double NOT NULL,
  `medical` int(11) NOT NULL,
  `pp` double DEFAULT '0',
  `edu` int(11) DEFAULT '0',
  `charge` double DEFAULT '0',
  `dearness` double DEFAULT '0',
  `conveyance` int(11) DEFAULT '0',
  `tiffin` int(11) DEFAULT '0',
  `washing` int(11) DEFAULT '0',
  `deputation` int(11) DEFAULT '0',
  `aid` int(11) DEFAULT '0',
  `sumptuary` int(11) DEFAULT '0',
  `arrear` double DEFAULT '0',
  `miscellaneous` double DEFAULT '0',
  `fraction_increment` double DEFAULT '0',
  `total_add` double NOT NULL,
  `payable` double NOT NULL,
  `in_word` varchar(255) COLLATE utf8_unicode_ci NOT NULL,
  `status` tinyint(6) NOT NULL,
  `created` int(11) NOT NULL,
  `updated` int(11) NOT NULL,
  `terminal` varchar(20) COLLATE utf8_unicode_ci NOT NULL,
  PRIMARY KEY (`id`)
) ENGINE=InnoDB  DEFAULT CHARSET=utf8 COLLATE=utf8_unicode_ci AUTO_INCREMENT=190 ;

--
-- Dumping data for table `salaries`
--

INSERT INTO `salaries` (`id`, `user_id`, `designation_id`, `employee_id`, `grade`, `basic`, `house_rent`, `medical`, `pp`, `edu`, `charge`, `dearness`, `conveyance`, `tiffin`, `washing`, `deputation`, `aid`, `sumptuary`, `arrear`, `miscellaneous`, `fraction_increment`, `total_add`, `payable`, `in_word`, `status`, `created`, `updated`, `terminal`) VALUES
(1, 1, 1, 1, 1, 40000, 0, 700, 0, 200, 0, 6000, 0, 0, 0, 0, 1300, 1000, 0, 0, 0, 49200, 41703, 'Tk. forty one thousand seven hundred three.', 1, 1389162322, 1389162322, '192.168.15.6'),
(2, 1, 2, 2, 2, 37100, 18550, 700, 0, 300, 0, 6000, 0, 0, 0, 0, 0, 900, 0, 0, 0, 63550, 59367, 'Tk. fifty nine thousand three hundred sixty seven.', 1, 1389162344, 1389162344, '192.168.15.6'),
(3, 1, 2, 3, 2, 39500, 19750, 700, 0, 300, 0, 6000, 0, 0, 0, 0, 0, 900, 0, 0, 0, 67150, 62707, 'Tk. sixty two thousand seven hundred seven.', 1, 1389596703, 1389596703, '192.168.15.92'),
(4, 1, 2, 4, 2, 34700, 17350, 700, 0, 0, 0, 6000, 0, 0, 0, 0, 0, 900, 0, 0, 0, 59650, 55726, 'Tk. fifty five thousand seven hundred twenty six.', 1, 1389162416, 1389162416, '192.168.15.6'),
(5, 1, 2, 5, 2, 35600, 17800, 700, 0, 200, 0, 6000, 0, 0, 0, 0, 0, 900, 0, 0, 0, 61200, 57180, 'Tk. fifty seven thousand one hundred eighty.', 1, 1389162473, 1389162473, '192.168.15.6'),
(6, 1, 2, 6, 2, 37100, 18550, 700, 0, 300, 0, 6000, 0, 0, 0, 0, 0, 900, 0, 0, 0, 63550, 59367, 'Tk. fifty nine thousand three hundred sixty seven.', 1, 1389162508, 1389162508, '192.168.15.6'),
(7, 1, 2, 7, 2, 33400, 16700, 700, 0, 300, 0, 6000, 0, 0, 0, 0, 0, 900, 0, 0, 0, 58000, 54218, 'Tk. fifty four thousand two hundred eighteen.', 1, 1389162525, 1389162525, '192.168.15.6'),
(8, 1, 2, 8, 2, 32300, 16150, 700, 0, 300, 0, 6000, 0, 0, 0, 0, 0, 900, 0, 0, 0, 56350, 52686, 'Tk. fifty two thousand six hundred eighty six.', 1, 1389162561, 1389162561, '192.168.15.6'),
(9, 1, 3, 9, 3, 35600, 17800, 700, 0, 200, 0, 6000, 0, 0, 0, 0, 0, 600, 0, 0, 0, 60900, 56880, 'Tk. fifty six thousand eight hundred eighty.', 1, 1389162583, 1389162583, '192.168.15.6'),
(10, 1, 3, 10, 3, 32750, 16375, 700, 0, 300, 0, 6000, 0, 0, 0, 0, 0, 600, 0, 0, 0, 56725, 53013, 'Tk. fifty three thousand thirteen.', 1, 1389162605, 1389162605, '192.168.15.6'),
(11, 1, 3, 11, 3, 33400, 16700, 700, 0, 0, 0, 6000, 0, 0, 0, 0, 0, 600, 0, 0, 0, 57400, 53618, 'Tk. fifty three thousand six hundred eighteen.', 1, 1389162632, 1389162632, '192.168.15.6'),
(12, 1, 3, 12, 3, 33400, 16700, 700, 0, 300, 0, 6000, 0, 0, 0, 0, 0, 600, 0, 0, 0, 57700, 53918, 'Tk. fifty three thousand nine hundred eighteen.', 1, 1389162714, 1389162714, '192.168.15.6'),
(13, 1, 3, 13, 3, 26750, 13375, 700, 0, 300, 0, 5350, 0, 0, 0, 0, 0, 600, 0, 0, 0, 47075, 44013, 'Tk. forty four thousand thirteen.', 1, 1389162735, 1389162735, '192.168.15.6'),
(14, 1, 4, 14, 3, 33400, 16700, 700, 0, 300, 0, 6000, 0, 0, 0, 0, 0, 600, 0, 0, 0, 57700, 53918, 'Tk. fifty three thousand nine hundred eighteen.', 1, 1389162773, 1389162773, '192.168.15.6'),
(15, 1, 4, 15, 3, 33400, 16700, 700, 0, 300, 0, 6000, 0, 0, 0, 0, 0, 600, 0, 0, 0, 57700, 53918, 'Tk. fifty three thousand nine hundred eighteen.', 1, 1389162818, 1389162818, '192.168.15.6'),
(16, 1, 4, 16, 3, 33400, 16700, 700, 0, 300, 0, 6000, 0, 0, 0, 0, 0, 600, 0, 0, 0, 57700, 53918, 'Tk. fifty three thousand nine hundred eighteen.', 1, 1389162848, 1389162848, '192.168.15.6'),
(17, 1, 4, 17, 3, 32300, 16150, 700, 0, 300, 0, 6000, 0, 0, 0, 0, 0, 600, 0, 0, 0, 56050, 52386, 'Tk. fifty two thousand three hundred eighty six.', 1, 1389162887, 1389162887, '192.168.15.6'),
(18, 1, 4, 18, 3, 31200, 15600, 700, 0, 300, 0, 6000, 0, 0, 0, 0, 0, 600, 0, 0, 0, 54400, 50856, 'Tk. fifty thousand eight hundred fifty six.', 1, 1389162919, 1389162919, '192.168.15.6'),
(19, 1, 4, 19, 3, 31750, 15875, 700, 0, 0, 0, 6000, 0, 0, 0, 0, 0, 600, 0, 0, 0, 54925, 51321, 'Tk. fifty one thousand three hundred twenty one.', 1, 1389162935, 1389162935, '192.168.15.6'),
(20, 1, 4, 20, 3, 35600, 17800, 700, 0, 0, 0, 6000, 0, 0, 0, 0, 0, 600, 0, 0, 0, 60700, 56680, 'Tk. fifty six thousand six hundred eighty.', 1, 1389162951, 1389162951, '192.168.15.6'),
(21, 1, 39, 21, 11, 13600, 7480, 700, 0, 0, 0, 2720, 150, 150, 0, 0, 0, 0, 0, 0, 0, 24800, 23617, 'Tk. twenty three thousand six hundred seventeen.', 1, 1389498942, 1389498942, '192.168.15.90'),
(22, 1, 12, 22, 5, 25850, 12925, 700, 0, 0, 0, 5170, 0, 0, 0, 0, 0, 0, 0, 0, 0, 44645, 41681, 'Tk. forty one thousand six hundred eighty one.', 1, 1389591124, 1389591124, '192.168.15.92'),
(23, 1, 24, 23, 9, 19200, 10560, 700, 0, 0, 0, 3840, 0, 0, 0, 0, 0, 0, 0, 0, 0, 34300, 32056, 'Tk. thirty two thousand fifty six.', 1, 1389591343, 1389591343, '192.168.15.92'),
(24, 1, 8, 24, 4, 26750, 13375, 700, 0, 300, 0, 5350, 0, 0, 0, 0, 0, 0, 0, 0, 0, 46475, 43413, 'Tk. forty three thousand four hundred thirteen.', 1, 1389162988, 1389162988, '192.168.15.6'),
(25, 1, 21, 25, 6, 17800, 9790, 700, 0, 300, 0, 3560, 0, 0, 0, 0, 0, 0, 0, 0, 0, 32150, 30057, 'Tk. thirty thousand fifty seven.', 1, 1389163166, 1389163166, '192.168.15.6'),
(26, 1, 18, 26, 6, 27300, 13650, 700, 0, 0, 0, 5460, 0, 0, 0, 0, 0, 0, 0, 0, 0, 47110, 43988, 'Tk. forty three thousand nine hundred eighty eight.', 1, 1389163070, 1389163070, '192.168.15.6'),
(27, 1, 17, 27, 6, 17800, 9790, 700, 0, 200, 0, 3560, 0, 0, 0, 0, 0, 0, 0, 0, 0, 32050, 29957, 'Tk. twenty nine thousand nine hundred fifty seven.', 1, 1389163031, 1389163031, '192.168.15.6'),
(28, 1, 54, 28, 16, 10635, 6381, 700, 0, 200, 0, 2127, 150, 150, 0, 0, 0, 0, 0, 0, 0, 20343, 19407, 'Tk. nineteen thousand four hundred seven.', 1, 1389517298, 1389517298, '192.168.15.92'),
(29, 1, 54, 29, 16, 10635, 6381, 700, 0, 300, 0, 2127, 150, 150, 0, 0, 0, 0, 0, 0, 0, 20443, 19507, 'Tk. nineteen thousand five hundred seven.', 1, 1389517344, 1389517344, '192.168.15.92'),
(30, 1, 44, 30, 11, 12005, 6603, 700, 0, 200, 0, 2401, 150, 150, 0, 0, 0, 0, 0, 0, 0, 22209, 21159, 'Tk. twenty one thousand one hundred fifty nine.', 1, 1389500868, 1389500868, '192.168.15.90'),
(31, 1, 36, 31, 11, 13600, 7480, 700, 0, 300, 0, 2720, 150, 150, 0, 0, 0, 0, 0, 0, 0, 25100, 23917, 'Tk. twenty three thousand nine hundred seventeen.', 1, 1389499152, 1389499152, '192.168.15.90'),
(32, 1, 38, 32, 11, 17540, 9647, 700, 0, 200, 0, 3508, 150, 150, 0, 0, 0, 0, 0, 0, 0, 31895, 30384, 'Tk. thirty thousand three hundred eighty four.', 1, 1389499734, 1389499734, '192.168.15.90'),
(33, 1, 36, 33, 11, 18860, 10373, 700, 0, 200, 0, 3772, 150, 150, 0, 0, 0, 0, 0, 0, 0, 34205, 32584, 'Tk. thirty two thousand five hundred eighty four.', 1, 1389499064, 1389499064, '192.168.15.90'),
(34, 1, 11, 34, 5, 24950, 12475, 700, 0, 300, 0, 4990, 0, 0, 0, 0, 0, 0, 0, 0, 0, 43415, 40548, 'Tk. forty thousand five hundred forty eight.', 1, 1389168278, 1389168278, '192.168.15.56'),
(35, 1, 5, 35, 4, 32750, 16375, 700, 0, 300, 0, 6000, 0, 0, 0, 0, 0, 0, 0, 0, 0, 56125, 52413, 'Tk. fifty two thousand four hundred thirteen.', 1, 1389168380, 1389168380, '192.168.15.56'),
(36, 1, 12, 36, 5, 24050, 12025, 700, 0, 300, 0, 4810, 0, 0, 0, 0, 0, 0, 0, 0, 0, 41885, 39116, 'Tk. thirty nine thousand one hundred sixteen.', 1, 1389168483, 1389168483, '192.168.15.56'),
(37, 1, 15, 37, 6, 18500, 10175, 700, 0, 0, 0, 3700, 0, 0, 0, 0, 0, 0, 0, 0, 0, 33075, 30906, 'Tk. thirty thousand nine hundred six.', 1, 1389168560, 1389168560, '192.168.15.56'),
(38, 1, 20, 38, 6, 17100, 0, 0, 0, 0, 0, 3420, 0, 0, 0, 0, 0, 0, 0, 0, 0, 0, 0, 'n/a', 1, 1389168625, 1389168760, '192.168.15.56'),
(39, 1, 33, 39, 10, 12960, 7128, 700, 0, 300, 0, 2592, 0, 0, 0, 0, 0, 0, 0, 0, 0, 23680, 22211, 'Tk. twenty two thousand two hundred eleven.', 1, 1389168738, 1389168738, '192.168.15.56'),
(40, 1, 5, 40, 4, 29750, 14875, 700, 0, 300, 0, 5950, 0, 0, 0, 0, 0, 0, 0, 0, 0, 51575, 48188, 'Tk. forty eight thousand one hundred eighty eight.', 1, 1389168846, 1389168846, '192.168.15.56'),
(41, 1, 12, 41, 5, 25850, 12925, 700, 0, 200, 0, 5170, 0, 0, 0, 0, 0, 0, 0, 0, 0, 44845, 41881, 'Tk. forty one thousand eight hundred eighty one.', 1, 1389591241, 1389591241, '192.168.15.92'),
(42, 1, 5, 42, 4, 23300, 11900, 700, 0, 0, 0, 4660, 0, 0, 0, 0, 0, 0, 0, 0, 0, 40560, 37871, 'Tk. thirty seven thousand eight hundred seventy one.', 1, 1389168996, 1389168996, '192.168.15.56'),
(43, 1, 24, 43, 9, 19200, 10560, 700, 0, 300, 0, 3840, 0, 0, 0, 0, 0, 0, 0, 0, 0, 34600, 32356, 'Tk. thirty two thousand three hundred fifty six.', 1, 1389169084, 1389169084, '192.168.15.56'),
(44, 1, 5, 44, 4, 26750, 13375, 700, 0, 200, 0, 5350, 0, 0, 0, 0, 0, 0, 0, 0, 0, 46375, 43313, 'Tk. forty three thousand three hundred thirteen.', 1, 1389169170, 1389169170, '192.168.15.56'),
(45, 1, 14, 45, 6, 22500, 11900, 700, 0, 300, 0, 4500, 0, 0, 0, 0, 0, 0, 0, 0, 0, 39900, 37298, 'Tk. thirty seven thousand two hundred ninety eight.', 1, 1389169241, 1389169241, '192.168.15.56'),
(46, 1, 27, 46, 9, 18600, 10230, 700, 0, 300, 0, 3720, 0, 0, 0, 0, 0, 0, 0, 0, 0, 33550, 31371, 'Tk. thirty one thousand three hundred seventy one.', 1, 1389169351, 1389169351, '192.168.15.56'),
(47, 1, 19, 47, 6, 20900, 11495, 700, 0, 0, 0, 4180, 0, 0, 0, 0, 0, 0, 0, 0, 0, 37275, 34846, 'Tk. thirty four thousand eight hundred forty six.', 1, 1389169434, 1389169434, '192.168.15.56'),
(48, 1, 5, 48, 4, 25750, 12875, 700, 0, 300, 0, 5150, 0, 0, 0, 0, 0, 0, 0, 0, 0, 44775, 41821, 'Tk. forty one thousand eight hundred twenty one.', 1, 1389169530, 1389169530, '192.168.15.56'),
(49, 1, 15, 49, 6, 18600, 10230, 700, 0, 300, 0, 3720, 0, 0, 0, 0, 0, 0, 0, 0, 0, 33550, 31371, 'Tk. thirty one thousand three hundred seventy one.', 1, 1389169610, 1389169610, '192.168.15.56'),
(50, 1, 30, 50, 9, 12470, 6859, 700, 0, 0, 0, 2494, 0, 0, 0, 0, 0, 0, 0, 0, 0, 22523, 21007, 'Tk. twenty one thousand seven.', 1, 1389169674, 1389169674, '192.168.15.56'),
(51, 1, 30, 51, 9, 12470, 6859, 700, 0, 0, 0, 2494, 0, 0, 0, 0, 0, 0, 0, 0, 0, 22523, 21007, 'Tk. twenty one thousand seven.', 1, 1389169737, 1389169737, '192.168.15.56'),
(52, 1, 10, 52, 4, 27750, 13875, 700, 0, 200, 0, 5550, 0, 0, 0, 0, 0, 0, 0, 0, 0, 48075, 44904, 'Tk. forty four thousand nine hundred four.', 1, 1389169809, 1389169809, '192.168.15.56'),
(53, 1, 24, 53, 9, 13600, 7480, 700, 0, 300, 0, 2720, 0, 0, 0, 0, 0, 0, 0, 0, 0, 24800, 23162, 'Tk. twenty three thousand one hundred sixty two.', 1, 1389169865, 1389169865, '192.168.15.56'),
(54, 1, 24, 54, 9, 13940, 7667, 700, 0, 300, 0, 2788, 0, 0, 0, 0, 0, 0, 0, 0, 0, 25395, 23720, 'Tk. twenty three thousand seven hundred twenty.', 1, 1389169920, 1389169920, '192.168.15.56'),
(55, 1, 15, 55, 6, 19300, 10615, 700, 0, 200, 0, 3860, 0, 0, 0, 0, 0, 0, 0, 0, 0, 34675, 32419, 'Tk. thirty two thousand four hundred nineteen.', 1, 1389169980, 1389169980, '192.168.15.56'),
(56, 1, 5, 56, 4, 26750, 13375, 700, 0, 0, 0, 5350, 0, 0, 0, 0, 0, 0, 0, 0, 0, 46175, 43113, 'Tk. forty three thousand one hundred thirteen.', 1, 1389170040, 1389170040, '192.168.15.56'),
(57, 1, 5, 57, 4, 26750, 13375, 700, 0, 300, 0, 5350, 0, 0, 0, 0, 0, 0, 0, 0, 0, 46475, 43413, 'Tk. forty three thousand four hundred thirteen.', 1, 1389170095, 1389170095, '192.168.15.56'),
(58, 1, 5, 58, 4, 26750, 13375, 700, 0, 0, 0, 5350, 0, 0, 0, 0, 0, 0, 0, 0, 0, 46175, 43113, 'Tk. forty three thousand one hundred thirteen.', 1, 1389170176, 1389170176, '192.168.15.56'),
(59, 1, 36, 59, 11, 18600, 10230, 700, 0, 300, 0, 3720, 150, 150, 0, 0, 0, 0, 0, 0, 0, 33850, 32251, 'Tk. thirty two thousand two hundred fifty one.', 1, 1389499224, 1389499224, '192.168.15.90'),
(60, 1, 42, 60, 13, 18200, 10010, 700, 0, 300, 0, 3640, 150, 150, 0, 0, 0, 0, 0, 0, 0, 33150, 31584, 'Tk. thirty one thousand five hundred eighty four.', 1, 1389500385, 1389500385, '192.168.15.90'),
(61, 1, 42, 61, 13, 18200, 10010, 700, 0, 0, 0, 3640, 150, 150, 0, 0, 0, 0, 0, 0, 0, 32850, 31284, 'Tk. thirty one thousand two hundred eighty four.', 1, 1389500546, 1389500546, '192.168.15.90'),
(62, 1, 36, 62, 11, 13600, 7480, 700, 0, 300, 0, 2720, 150, 150, 0, 0, 0, 0, 0, 0, 0, 25100, 23917, 'Tk. twenty three thousand nine hundred seventeen.', 1, 1389499370, 1389499370, '192.168.15.90'),
(63, 1, 49, 63, 15, 11465, 6500, 700, 0, 300, 0, 2293, 150, 150, 0, 0, 0, 0, 0, 0, 0, 21558, 20553, 'Tk. twenty thousand five hundred fifty three.', 1, 1389501042, 1389501042, '192.168.15.90'),
(64, 1, 45, 64, 14, 13355, 7345, 700, 0, 200, 0, 2671, 150, 150, 0, 0, 0, 0, 0, 0, 0, 24571, 23409, 'Tk. twenty three thousand four hundred nine.', 1, 1389500946, 1389500946, '192.168.15.90'),
(65, 1, 55, 65, 16, 11465, 6500, 700, 0, 300, 0, 2293, 150, 150, 0, 0, 0, 0, 0, 0, 0, 21558, 20553, 'Tk. twenty thousand five hundred fifty three.', 1, 1389517395, 1389517395, '192.168.15.92'),
(66, 1, 55, 66, 16, 11465, 6500, 700, 0, 200, 0, 2293, 150, 150, 0, 0, 0, 0, 0, 0, 0, 21458, 20453, 'Tk. twenty thousand four hundred fifty three.', 1, 1389517462, 1389517462, '192.168.15.92'),
(67, 1, 55, 67, 16, 11465, 6500, 700, 0, 300, 0, 2293, 150, 150, 0, 0, 0, 0, 0, 0, 0, 21558, 20553, 'Tk. twenty thousand five hundred fifty three.', 1, 1389517504, 1389517504, '192.168.15.92'),
(68, 1, 55, 68, 16, 11050, 6500, 700, 0, 300, 0, 2210, 150, 150, 0, 0, 0, 0, 0, 0, 0, 21060, 20090, 'Tk. twenty thousand ninety.', 1, 1389517544, 1389517544, '192.168.15.92'),
(69, 1, 55, 69, 16, 9815, 5889, 700, 0, 0, 0, 1963, 150, 150, 0, 0, 0, 0, 0, 0, 0, 18667, 17799, 'Tk. seventeen thousand seven hundred ninety nine.', 1, 1389517589, 1389517589, '192.168.15.92'),
(70, 1, 55, 70, 16, 11050, 6500, 700, 0, 0, 0, 2210, 150, 150, 0, 0, 0, 0, 0, 0, 0, 20760, 19790, 'Tk. nineteen thousand seven hundred ninety.', 1, 1389517632, 1389517632, '192.168.15.92'),
(71, 1, 40, 71, 13, 11465, 6500, 700, 0, 0, 0, 2293, 150, 150, 0, 0, 0, 0, 0, 0, 0, 21258, 20253, 'Tk. twenty thousand two hundred fifty three.', 1, 1389499989, 1389499989, '192.168.15.90'),
(72, 1, 42, 72, 13, 15600, 8580, 700, 0, 300, 0, 3120, 150, 150, 0, 0, 0, 0, 0, 0, 0, 28600, 27251, 'Tk. twenty seven thousand two hundred fifty one.', 1, 1389500597, 1389500597, '192.168.15.90'),
(73, 1, 55, 73, 16, 11465, 6500, 700, 0, 0, 0, 2293, 150, 150, 0, 0, 0, 0, 0, 0, 0, 21258, 20253, 'Tk. twenty thousand two hundred fifty three.', 1, 1389517679, 1389517679, '192.168.15.92'),
(74, 1, 36, 74, 11, 12005, 6603, 700, 0, 300, 0, 2401, 150, 150, 0, 0, 0, 0, 0, 0, 0, 22309, 21259, 'Tk. twenty one thousand two hundred fifty nine.', 1, 1389499427, 1389499427, '192.168.15.90'),
(75, 1, 55, 75, 16, 10195, 6117, 700, 0, 300, 0, 2039, 150, 150, 0, 0, 0, 0, 0, 0, 0, 19651, 18752, 'Tk. eighteen thousand seven hundred fifty two.', 1, 1389517756, 1389517756, '192.168.15.92'),
(76, 1, 55, 76, 16, 10195, 6117, 700, 0, 200, 0, 2039, 150, 150, 0, 0, 0, 0, 0, 0, 0, 19551, 18652, 'Tk. eighteen thousand six hundred fifty two.', 1, 1389517808, 1389517808, '192.168.15.92'),
(77, 1, 53, 77, 15, 12005, 6603, 700, 0, 200, 0, 2401, 150, 150, 0, 0, 0, 0, 0, 0, 0, 22209, 21159, 'Tk. twenty one thousand one hundred fifty nine.', 1, 1389514694, 1389514694, '192.168.15.90'),
(78, 1, 50, 78, 15, 12005, 6603, 700, 0, 300, 0, 2401, 150, 150, 0, 0, 0, 0, 0, 0, 0, 22309, 21259, 'Tk. twenty one thousand two hundred fifty nine.', 1, 1389501125, 1389501125, '192.168.15.90'),
(79, 1, 50, 79, 15, 12005, 6603, 700, 0, 300, 0, 2401, 150, 150, 0, 0, 0, 0, 0, 0, 0, 22309, 21259, 'Tk. twenty one thousand two hundred fifty nine.', 1, 1389501172, 1389501172, '192.168.15.90'),
(80, 1, 50, 80, 15, 12005, 6603, 700, 0, 300, 0, 2401, 150, 150, 0, 0, 0, 0, 0, 0, 0, 22309, 21259, 'Tk. twenty one thousand two hundred fifty nine.', 1, 1389501227, 1389501227, '192.168.15.90'),
(81, 1, 50, 81, 15, 12005, 6603, 700, 0, 300, 0, 2401, 150, 150, 0, 0, 0, 0, 0, 0, 0, 22309, 21259, 'Tk. twenty one thousand two hundred fifty nine.', 1, 1389501278, 1389501278, '192.168.15.90'),
(82, 1, 50, 82, 15, 12005, 6603, 700, 0, 300, 0, 2401, 150, 150, 0, 0, 0, 0, 0, 0, 0, 22309, 21259, 'Tk. twenty one thousand two hundred fifty nine.', 1, 1389501337, 1389501337, '192.168.15.90'),
(83, 1, 58, 83, 16, 10195, 6117, 700, 0, 300, 0, 2039, 150, 150, 0, 0, 0, 0, 0, 0, 0, 19651, 18752, 'Tk. eighteen thousand seven hundred fifty two.', 1, 1389518856, 1389518856, '192.168.15.92'),
(84, 1, 53, 84, 16, 12005, 6603, 700, 0, 200, 0, 2401, 150, 150, 0, 0, 0, 0, 0, 0, 0, 22209, 21159, 'Tk. twenty one thousand one hundred fifty nine.', 1, 1389514744, 1389514744, '192.168.15.90'),
(85, 1, 53, 85, 16, 11555, 6500, 700, 0, 300, 0, 2311, 150, 150, 0, 0, 0, 0, 0, 0, 0, 21666, 20653, 'Tk. twenty thousand six hundred fifty three.', 1, 1389514797, 1389514797, '192.168.15.90'),
(86, 1, 53, 86, 16, 12005, 6603, 700, 0, 300, 0, 2401, 150, 150, 0, 0, 0, 0, 0, 0, 0, 22309, 21259, 'Tk. twenty one thousand two hundred fifty nine.', 1, 1389514837, 1389514837, '192.168.15.90'),
(87, 1, 53, 87, 15, 12005, 6603, 700, 0, 0, 0, 2401, 150, 150, 0, 0, 0, 0, 0, 0, 0, 22009, 20959, 'Tk. twenty thousand nine hundred fifty nine.', 1, 1389514880, 1389514880, '192.168.15.90'),
(88, 1, 53, 88, 16, 11555, 6500, 700, 0, 300, 0, 2311, 150, 150, 0, 0, 0, 0, 0, 0, 0, 21666, 20653, 'Tk. twenty thousand six hundred fifty three.', 1, 1389517033, 1389517033, '192.168.15.92'),
(89, 1, 60, 89, 16, 10575, 6345, 700, 0, 200, 0, 2115, 150, 150, 0, 0, 0, 0, 0, 0, 0, 20235, 19304, 'Tk. nineteen thousand three hundred four.', 1, 1389519093, 1389519093, '192.168.15.92'),
(90, 1, 57, 90, 16, 10575, 6345, 700, 0, 300, 0, 2115, 150, 150, 0, 0, 0, 0, 0, 0, 0, 20335, 19404, 'Tk. nineteen thousand four hundred four.', 1, 1389518797, 1389518797, '192.168.15.92'),
(91, 1, 51, 91, 16, 10955, 6500, 700, 0, 0, 0, 2191, 150, 150, 0, 0, 0, 0, 0, 0, 0, 20646, 19683, 'Tk. nineteen thousand six hundred eighty three.', 1, 1389514537, 1389514537, '192.168.15.90'),
(92, 1, 62, 92, 18, 8530, 5118, 700, 0, 300, 0, 1706, 150, 150, 0, 0, 0, 0, 0, 0, 0, 16654, 15893, 'Tk. fifteen thousand eight hundred ninety three.', 1, 1389519446, 1389519446, '192.168.15.92'),
(93, 1, 65, 93, 20, 8245, 4947, 700, 0, 300, 0, 1649, 150, 150, 0, 0, 0, 0, 0, 0, 0, 16141, 15404, 'Tk. fifteen thousand four hundred four.', 1, 1389519765, 1389519765, '192.168.15.92'),
(94, 1, 53, 94, 16, 11105, 6500, 700, 0, 0, 0, 2221, 150, 150, 0, 0, 0, 0, 0, 0, 0, 20826, 19851, 'Tk. nineteen thousand eight hundred fifty one.', 1, 1389517113, 1389517113, '192.168.15.92'),
(95, 1, 62, 95, 18, 9815, 5889, 700, 0, 200, 0, 1963, 150, 150, 0, 0, 0, 0, 0, 0, 0, 18867, 17999, 'Tk. seventeen thousand nine hundred ninety nine.', 1, 1389519507, 1389519507, '192.168.15.92'),
(96, 1, 59, 96, 16, 9815, 5889, 700, 0, 0, 0, 1963, 150, 150, 0, 0, 0, 0, 0, 0, 0, 18667, 17799, 'Tk. seventeen thousand seven hundred ninety nine.', 1, 1389518914, 1389518914, '192.168.15.92'),
(97, 1, 65, 97, 20, 8005, 4803, 700, 0, 0, 0, 1601, 150, 150, 0, 0, 0, 0, 0, 0, 0, 15409, 14692, 'Tk. fourteen thousand six hundred ninety two.', 1, 1389519832, 1389519832, '192.168.15.92'),
(98, 1, 65, 98, 20, 7770, 4662, 700, 0, 0, 0, 1554, 150, 150, 0, 0, 0, 0, 0, 0, 0, 14986, 14289, 'Tk. fourteen thousand two hundred eighty nine.', 1, 1389521115, 1389521115, '192.168.15.92'),
(99, 1, 65, 99, 20, 7505, 4503, 700, 0, 300, 0, 1501, 150, 150, 0, 0, 0, 0, 0, 0, 0, 14809, 14134, 'Tk. fourteen thousand one hundred thirty four.', 1, 1389521210, 1389521210, '192.168.15.92'),
(100, 1, 65, 100, 20, 8005, 4803, 700, 0, 200, 0, 1601, 150, 150, 0, 0, 0, 0, 0, 0, 0, 15609, 14892, 'Tk. fourteen thousand eight hundred ninety two.', 1, 1389521372, 1389521372, '192.168.15.92'),
(101, 1, 65, 101, 20, 7505, 4503, 700, 0, 300, 0, 1501, 150, 150, 0, 0, 0, 0, 0, 0, 0, 14809, 14134, 'Tk. fourteen thousand one hundred thirty four.', 1, 1389521450, 1389521450, '192.168.15.92'),
(102, 1, 65, 102, 20, 7505, 4503, 700, 0, 300, 0, 1501, 150, 150, 0, 0, 0, 0, 0, 0, 0, 14809, 14134, 'Tk. fourteen thousand one hundred thirty four.', 1, 1389521587, 1389521587, '192.168.15.92'),
(103, 1, 65, 103, 20, 7240, 4344, 700, 0, 0, 0, 1500, 150, 150, 0, 0, 0, 0, 0, 0, 0, 14084, 13431, 'Tk. thirteen thousand four hundred thirty one.', 1, 1389521645, 1389521645, '192.168.15.92'),
(104, 1, 65, 104, 20, 7293, 4376, 700, 0, 300, 0, 1500, 150, 150, 0, 0, 0, 0, 0, 0, 0, 14469, 13811, 'Tk. thirteen thousand eight hundred eleven.', 1, 1389521688, 1389521688, '192.168.15.92'),
(105, 1, 55, 105, 16, 9815, 5889, 700, 0, 200, 0, 1963, 150, 150, 0, 0, 0, 0, 0, 0, 0, 18867, 17999, 'Tk. seventeen thousand nine hundred ninety nine.', 1, 1389517885, 1389517885, '192.168.15.92'),
(106, 1, 55, 106, 16, 9815, 5889, 700, 0, 300, 0, 1963, 150, 150, 0, 0, 0, 0, 0, 0, 0, 18967, 18099, 'Tk. eighteen thousand ninety nine.', 1, 1389517934, 1389517934, '192.168.15.92'),
(107, 1, 61, 107, 18, 8850, 5310, 700, 0, 300, 0, 1770, 150, 150, 0, 0, 0, 0, 0, 0, 0, 17230, 16443, 'Tk. sixteen thousand four hundred forty three.', 1, 1389519275, 1389519275, '192.168.15.92'),
(108, 1, 65, 108, 20, 7240, 4344, 700, 0, 0, 0, 1500, 150, 150, 0, 0, 0, 0, 0, 0, 0, 14084, 13431, 'Tk. thirteen thousand four hundred thirty one.', 1, 1389521732, 1389521732, '192.168.15.92'),
(109, 1, 65, 109, 20, 7505, 4503, 700, 0, 200, 0, 1501, 150, 150, 0, 0, 0, 0, 0, 0, 0, 14709, 14034, 'Tk. fourteen thousand thirty four.', 1, 1389521780, 1389521780, '192.168.15.92'),
(110, 1, 65, 110, 20, 7505, 4503, 700, 0, 300, 0, 1501, 150, 150, 0, 0, 0, 0, 0, 0, 0, 14809, 14134, 'Tk. fourteen thousand one hundred thirty four.', 1, 1389521822, 1389521822, '192.168.15.92'),
(111, 1, 65, 111, 20, 7505, 4503, 700, 0, 300, 0, 1501, 150, 150, 0, 0, 0, 0, 0, 0, 0, 14809, 14134, 'Tk. fourteen thousand one hundred thirty four.', 1, 1389587252, 1389587252, '192.168.15.92'),
(112, 1, 61, 112, 18, 8850, 5310, 700, 0, 200, 0, 1770, 150, 150, 0, 0, 0, 0, 0, 0, 0, 17130, 16343, 'Tk. sixteen thousand three hundred forty three.', 1, 1389519351, 1389519351, '192.168.15.92'),
(113, 1, 65, 113, 20, 7505, 4503, 700, 0, 300, 0, 1501, 150, 150, 0, 0, 0, 0, 0, 0, 0, 14809, 14134, 'Tk. fourteen thousand one hundred thirty four.', 1, 1389587310, 1389587310, '192.168.15.92'),
(114, 1, 70, 114, 18, 9815, 5889, 700, 0, 300, 0, 1963, 150, 150, 0, 0, 0, 0, 0, 0, 0, 18967, 18099, 'Tk. eighteen thousand ninety nine.', 1, 1389592153, 1389592153, '192.168.15.92'),
(115, 1, 65, 115, 20, 7505, 4503, 700, 0, 0, 0, 1501, 150, 150, 0, 0, 0, 0, 0, 0, 0, 14509, 13834, 'Tk. thirteen thousand eight hundred thirty four.', 1, 1389587360, 1389587360, '192.168.15.92'),
(116, 1, 65, 116, 20, 7505, 4503, 700, 0, 300, 0, 1501, 150, 150, 0, 0, 0, 0, 0, 0, 0, 14809, 14134, 'Tk. fourteen thousand one hundred thirty four.', 1, 1389587422, 1389587422, '192.168.15.92'),
(117, 1, 65, 117, 20, 7505, 4503, 700, 0, 0, 0, 1501, 150, 150, 0, 0, 0, 0, 0, 0, 0, 14509, 13834, 'Tk. thirteen thousand eight hundred thirty four.', 1, 1389587474, 1389587474, '192.168.15.92'),
(118, 1, 65, 118, 20, 7505, 4503, 700, 0, 200, 0, 1501, 150, 150, 0, 0, 0, 0, 0, 0, 0, 14709, 14034, 'Tk. fourteen thousand thirty four.', 1, 1389587539, 1389587539, '192.168.15.92'),
(119, 1, 63, 119, 18, 9815, 5889, 700, 0, 0, 0, 1963, 150, 150, 0, 0, 0, 0, 0, 0, 0, 18667, 17799, 'Tk. seventeen thousand seven hundred ninety nine.', 1, 1389519575, 1389519575, '192.168.15.92'),
(120, 1, 66, 120, 20, 7505, 4503, 700, 0, 0, 0, 1501, 150, 150, 0, 0, 0, 0, 0, 0, 0, 14509, 13834, 'Tk. thirteen thousand eight hundred thirty four.', 1, 1389589011, 1389589011, '192.168.15.92'),
(121, 1, 68, 121, 20, 7505, 4503, 700, 0, 200, 0, 1501, 150, 150, 0, 0, 0, 0, 0, 0, 0, 14709, 14034, 'Tk. fourteen thousand thirty four.', 1, 1389589636, 1389589636, '192.168.15.92'),
(122, 1, 68, 122, 20, 7240, 4344, 700, 0, 200, 0, 1500, 150, 150, 0, 0, 0, 0, 0, 0, 0, 14284, 13631, 'Tk. thirteen thousand six hundred thirty one.', 1, 1389589764, 1389589764, '192.168.15.92'),
(123, 1, 66, 123, 20, 8005, 4803, 700, 0, 200, 0, 1601, 150, 150, 0, 0, 0, 0, 0, 0, 0, 15609, 14892, 'Tk. fourteen thousand eight hundred ninety two.', 1, 1389589066, 1389589066, '192.168.15.92'),
(124, 1, 55, 124, 16, 9815, 5889, 700, 0, 200, 0, 1963, 150, 150, 0, 0, 0, 0, 0, 0, 0, 18867, 17999, 'Tk. seventeen thousand nine hundred ninety nine.', 1, 1389517984, 1389517984, '192.168.15.92'),
(125, 1, 65, 125, 20, 7240, 4344, 700, 0, 0, 0, 1500, 150, 150, 0, 0, 0, 0, 0, 0, 0, 14084, 13431, 'Tk. thirteen thousand four hundred thirty one.', 1, 1389587605, 1389587605, '192.168.15.92'),
(126, 1, 69, 126, 20, 7505, 4503, 700, 0, 0, 0, 1501, 150, 150, 0, 0, 0, 0, 0, 0, 0, 14509, 13834, 'Tk. thirteen thousand eight hundred thirty four.', 1, 1389590213, 1389590213, '192.168.15.92'),
(127, 1, 36, 127, 11, 12005, 6603, 700, 0, 200, 0, 2401, 150, 150, 0, 0, 0, 0, 0, 0, 0, 22209, 21159, 'Tk. twenty one thousand one hundred fifty nine.', 1, 1389592640, 1389592640, '192.168.15.6'),
(128, 1, 55, 128, 16, 10195, 6117, 700, 0, 0, 0, 2039, 150, 150, 0, 0, 0, 0, 0, 0, 0, 19351, 18452, 'Tk. eighteen thousand four hundred fifty two.', 1, 1389518046, 1389518046, '192.168.15.92'),
(129, 1, 55, 129, 16, 9815, 5889, 700, 0, 200, 0, 1963, 150, 150, 0, 0, 0, 0, 0, 0, 0, 18867, 17999, 'Tk. seventeen thousand nine hundred ninety nine.', 1, 1389518094, 1389518094, '192.168.15.92'),
(130, 1, 55, 130, 16, 9815, 5889, 700, 0, 200, 0, 1963, 150, 150, 0, 0, 0, 0, 0, 0, 0, 18867, 17999, 'Tk. seventeen thousand nine hundred ninety nine.', 1, 1389518137, 1389518137, '192.168.15.92'),
(131, 1, 55, 131, 16, 9815, 5889, 700, 0, 200, 0, 1963, 150, 150, 0, 0, 0, 0, 0, 0, 0, 18867, 17999, 'Tk. seventeen thousand nine hundred ninety nine.', 1, 1389518202, 1389518202, '192.168.15.92'),
(132, 1, 55, 132, 16, 9815, 5889, 700, 0, 300, 0, 1963, 150, 150, 0, 0, 0, 0, 0, 0, 0, 18967, 18099, 'Tk. eighteen thousand ninety nine.', 1, 1389518262, 1389518262, '192.168.15.92'),
(133, 1, 52, 133, 16, 10545, 6327, 700, 0, 0, 0, 2109, 150, 150, 0, 0, 0, 0, 0, 0, 0, 19981, 19053, 'Tk. nineteen thousand fifty three.', 1, 1389514645, 1389514645, '192.168.15.90'),
(134, 1, 63, 134, 18, 8530, 5118, 700, 0, 300, 0, 1706, 150, 150, 0, 0, 0, 0, 0, 0, 0, 16654, 15893, 'Tk. fifteen thousand eight hundred ninety three.', 1, 1389519681, 1389519681, '192.168.15.92'),
(135, 1, 65, 135, 20, 7505, 4503, 700, 0, 300, 0, 1501, 150, 150, 0, 0, 0, 0, 0, 0, 0, 14809, 14134, 'Tk. fourteen thousand one hundred thirty four.', 1, 1389587649, 1389587649, '192.168.15.92'),
(136, 1, 65, 136, 20, 7505, 4503, 700, 0, 300, 0, 1501, 150, 150, 0, 0, 0, 0, 0, 0, 0, 14809, 14134, 'Tk. fourteen thousand one hundred thirty four.', 1, 1389587706, 1389587706, '192.168.15.92'),
(137, 1, 65, 137, 20, 7505, 4503, 700, 0, 200, 0, 1501, 150, 150, 0, 0, 0, 0, 0, 0, 0, 14709, 14034, 'Tk. fourteen thousand thirty four.', 1, 1389587753, 1389587753, '192.168.15.92'),
(138, 1, 65, 138, 20, 7505, 4503, 700, 0, 200, 0, 1501, 150, 150, 0, 0, 0, 0, 0, 0, 0, 14709, 14034, 'Tk. fourteen thousand thirty four.', 1, 1389587810, 1389587810, '192.168.15.92'),
(139, 1, 55, 139, 16, 9815, 5889, 700, 0, 200, 0, 1963, 150, 150, 0, 0, 0, 0, 0, 0, 0, 18867, 17999, 'Tk. seventeen thousand nine hundred ninety nine.', 1, 1389518421, 1389518421, '192.168.15.92'),
(140, 1, 65, 140, 20, 7505, 4503, 700, 0, 200, 0, 1501, 150, 150, 0, 0, 0, 0, 0, 0, 0, 14709, 14034, 'Tk. fourteen thousand thirty four.', 1, 1389587855, 1389587855, '192.168.15.92'),
(141, 1, 69, 141, 20, 7505, 4503, 700, 0, 0, 0, 1501, 150, 150, 0, 0, 0, 0, 0, 0, 0, 14509, 13834, 'Tk. thirteen thousand eight hundred thirty four.', 1, 1389590312, 1389590312, '192.168.15.92'),
(142, 1, 67, 142, 20, 7505, 4503, 700, 0, 200, 0, 1501, 150, 150, 0, 0, 0, 0, 0, 0, 0, 14709, 14034, 'Tk. fourteen thousand thirty four.', 1, 1389589370, 1389589370, '192.168.15.92'),
(143, 1, 65, 143, 20, 7505, 4503, 700, 0, 0, 0, 1501, 150, 150, 0, 0, 0, 0, 0, 0, 0, 14509, 13834, 'Tk. thirteen thousand eight hundred thirty four.', 1, 1389587910, 1389587910, '192.168.15.92'),
(144, 1, 66, 144, 20, 7505, 4503, 700, 0, 300, 0, 1501, 150, 150, 0, 0, 0, 0, 0, 0, 0, 14809, 14134, 'Tk. fourteen thousand one hundred thirty four.', 1, 1389589119, 1389589119, '192.168.15.92'),
(145, 1, 55, 145, 16, 9815, 5889, 700, 0, 300, 0, 1963, 150, 150, 0, 0, 0, 0, 0, 0, 0, 18967, 18099, 'Tk. eighteen thousand ninety nine.', 1, 1389518493, 1389518493, '192.168.15.92'),
(146, 1, 65, 146, 20, 7505, 4503, 700, 0, 300, 0, 1501, 150, 150, 0, 0, 0, 0, 0, 0, 0, 14809, 14134, 'Tk. fourteen thousand one hundred thirty four.', 1, 1389588006, 1389588006, '192.168.15.92'),
(147, 1, 50, 147, 15, 11555, 6500, 700, 0, 300, 0, 2311, 150, 150, 0, 0, 0, 0, 0, 0, 0, 21666, 20653, 'Tk. twenty thousand six hundred fifty three.', 1, 1389501406, 1389501406, '192.168.15.90'),
(148, 1, 56, 148, 16, 9726, 5836, 700, 0, 200, 0, 1945.2, 150, 150, 0, 0, 0, 0, 0, 0, 0, 18707.2, 17847, 'Tk. seventeen thousand eight hundred forty seven.', 1, 1389518724, 1389518724, '192.168.15.92'),
(149, 1, 40, 149, 13, 11880, 6534, 700, 0, 200, 0, 2376, 150, 150, 0, 0, 0, 0, 0, 0, 0, 21990, 20950, 'Tk. twenty thousand nine hundred fifty.', 1, 1389500076, 1389500076, '192.168.15.90'),
(150, 1, 40, 150, 13, 11880, 6534, 700, 0, 200, 0, 2376, 150, 150, 0, 0, 0, 0, 0, 0, 0, 21990, 20950, 'Tk. twenty thousand nine hundred fifty.', 1, 1389500136, 1389500136, '192.168.15.90'),
(151, 1, 68, 151, 20, 7240, 4344, 700, 0, 300, 0, 1500, 150, 150, 0, 0, 0, 0, 0, 0, 0, 14384, 13731, 'Tk. thirteen thousand seven hundred thirty one.', 1, 1389589866, 1389589866, '192.168.15.92'),
(152, 1, 66, 152, 20, 7240, 4344, 700, 0, 200, 0, 1500, 150, 150, 0, 0, 0, 0, 0, 0, 0, 14284, 13631, 'Tk. thirteen thousand six hundred thirty one.', 1, 1389589187, 1389589187, '192.168.15.92'),
(153, 1, 66, 153, 20, 7240, 4344, 700, 0, 300, 0, 1500, 150, 150, 0, 0, 0, 0, 0, 0, 0, 14384, 13731, 'Tk. thirteen thousand seven hundred thirty one.', 1, 1389589239, 1389589239, '192.168.15.92'),
(154, 1, 69, 154, 20, 7240, 4344, 700, 0, 200, 0, 1500, 150, 150, 0, 0, 0, 0, 0, 0, 0, 14284, 13631, 'Tk. thirteen thousand six hundred thirty one.', 1, 1389590384, 1389590384, '192.168.15.92'),
(155, 1, 67, 155, 20, 7240, 4344, 700, 0, 300, 0, 1500, 150, 150, 0, 0, 0, 0, 0, 0, 0, 14384, 13731, 'Tk. thirteen thousand seven hundred thirty one.', 1, 1389589467, 1389589467, '192.168.15.92'),
(156, 1, 69, 156, 20, 7240, 4344, 700, 0, 200, 0, 1500, 150, 150, 0, 0, 0, 0, 0, 0, 0, 14284, 13631, 'Tk. thirteen thousand six hundred thirty one.', 1, 1389590455, 1389590455, '192.168.15.92'),
(157, 1, 65, 157, 20, 7240, 4344, 700, 0, 300, 0, 1500, 150, 150, 0, 0, 0, 0, 0, 0, 0, 14384, 13731, 'Tk. thirteen thousand seven hundred thirty one.', 1, 1389588117, 1389588117, '192.168.15.92'),
(158, 1, 50, 158, 15, 11105, 6500, 700, 0, 300, 0, 2221, 150, 150, 0, 0, 0, 0, 0, 0, 0, 21126, 20151, 'Tk. twenty thousand one hundred fifty one.', 1, 1389501460, 1389501460, '192.168.15.90'),
(159, 1, 50, 159, 15, 11105, 6500, 700, 0, 300, 0, 2221, 150, 150, 0, 0, 0, 0, 0, 0, 0, 21126, 20151, 'Tk. twenty thousand one hundred fifty one.', 1, 1389501502, 1389501502, '192.168.15.90'),
(160, 1, 69, 160, 20, 7240, 4344, 700, 0, 300, 0, 1500, 150, 150, 0, 0, 0, 0, 0, 0, 0, 14384, 13731, 'Tk. thirteen thousand seven hundred thirty one.', 1, 1389590515, 1389590515, '192.168.15.92'),
(161, 1, 65, 161, 20, 7240, 4344, 700, 0, 300, 0, 1500, 150, 150, 0, 0, 0, 0, 0, 0, 0, 14384, 13731, 'Tk. thirteen thousand seven hundred thirty one.', 1, 1389588209, 1389588209, '192.168.15.92'),
(162, 1, 65, 162, 20, 7240, 4344, 700, 0, 300, 0, 1500, 150, 150, 0, 0, 0, 0, 0, 0, 0, 14384, 13731, 'Tk. thirteen thousand seven hundred thirty one.', 1, 1389588322, 1389588322, '192.168.15.92'),
(163, 1, 55, 163, 16, 9815, 5889, 700, 0, 200, 0, 1963, 150, 150, 0, 0, 0, 0, 0, 0, 0, 18867, 17999, 'Tk. seventeen thousand nine hundred ninety nine.', 1, 1389518541, 1389518541, '192.168.15.92'),
(164, 1, 65, 164, 20, 7240, 4344, 700, 0, 300, 0, 1500, 150, 150, 0, 0, 0, 0, 0, 0, 0, 14384, 13731, 'Tk. thirteen thousand seven hundred thirty one.', 1, 1389588585, 1389588585, '192.168.15.92'),
(165, 1, 66, 165, 20, 7240, 4344, 700, 0, 300, 0, 1500, 150, 150, 0, 0, 0, 0, 0, 0, 0, 14384, 13731, 'Tk. thirteen thousand seven hundred thirty one.', 1, 1389589286, 1389589286, '192.168.15.92'),
(166, 1, 65, 166, 20, 7240, 4344, 700, 0, 0, 0, 1500, 150, 150, 0, 0, 0, 0, 0, 0, 0, 14084, 13431, 'Tk. thirteen thousand four hundred thirty one.', 1, 1389588639, 1389588639, '192.168.15.92'),
(167, 1, 68, 167, 20, 7240, 4344, 700, 0, 300, 0, 1500, 150, 150, 0, 0, 0, 0, 0, 0, 0, 14384, 13731, 'Tk. thirteen thousand seven hundred thirty one.', 1, 1389590037, 1389590037, '192.168.15.92'),
(168, 1, 65, 168, 20, 7240, 4344, 700, 0, 200, 0, 1500, 150, 150, 0, 0, 0, 0, 0, 0, 0, 14284, 13631, 'Tk. thirteen thousand six hundred thirty one.', 1, 1389588708, 1389588708, '192.168.15.92'),
(169, 1, 68, 169, 20, 7240, 4344, 700, 0, 0, 0, 1500, 150, 150, 0, 0, 0, 0, 0, 0, 0, 14084, 13431, 'Tk. thirteen thousand four hundred thirty one.', 1, 1389590122, 1389590122, '192.168.15.92'),
(170, 1, 59, 170, 16, 9435, 5661, 700, 0, 300, 0, 1887, 150, 150, 0, 0, 0, 0, 0, 0, 0, 18283, 17447, 'Tk. seventeen thousand four hundred forty seven.', 1, 1389518976, 1389518976, '192.168.15.92'),
(171, 1, 65, 171, 20, 7240, 4344, 700, 0, 300, 0, 1500, 150, 150, 0, 0, 0, 0, 0, 0, 0, 14384, 13731, 'Tk. thirteen thousand seven hundred thirty one.', 1, 1389588772, 1389588772, '192.168.15.92'),
(172, 1, 55, 172, 16, 9815, 5889, 700, 0, 300, 0, 1963, 150, 150, 0, 0, 0, 0, 0, 0, 0, 18967, 18099, 'Tk. eighteen thousand ninety nine.', 1, 1389518624, 1389518624, '192.168.15.92'),
(173, 1, 55, 173, 16, 9815, 5889, 700, 0, 300, 0, 1963, 150, 150, 0, 0, 0, 0, 0, 0, 0, 18967, 18099, 'Tk. eighteen thousand ninety nine.', 1, 1389518665, 1389518665, '192.168.15.92'),
(174, 1, 50, 174, 15, 11105, 6500, 700, 0, 200, 0, 2221, 150, 150, 0, 0, 0, 0, 0, 0, 0, 21026, 20051, 'Tk. twenty thousand fifty one.', 1, 1389501573, 1389501573, '192.168.15.90'),
(175, 1, 65, 175, 20, 6975, 4185, 700, 0, 200, 0, 1500, 150, 150, 0, 0, 0, 0, 0, 0, 0, 13860, 13229, 'Tk. thirteen thousand two hundred twenty nine.', 1, 1389588899, 1389588899, '192.168.15.92'),
(176, 1, 65, 176, 20, 6975, 4185, 700, 0, 200, 0, 1500, 150, 150, 0, 0, 0, 0, 0, 0, 0, 13860, 13229, 'Tk. thirteen thousand two hundred twenty nine.', 1, 1389588951, 1389588951, '192.168.15.92'),
(177, 1, 69, 177, 20, 6975, 4185, 700, 0, 200, 0, 1500, 150, 150, 0, 0, 0, 0, 0, 0, 0, 13860, 13229, 'Tk. thirteen thousand two hundred twenty nine.', 1, 1389590573, 1389590573, '192.168.15.92'),
(178, 1, 42, 178, 13, 9140, 5484, 700, 0, 0, 0, 1828, 150, 150, 0, 0, 0, 0, 0, 0, 0, 17452, 16641, 'Tk. sixteen thousand six hundred forty one.', 1, 1389500789, 1389500789, '192.168.15.90'),
(179, 1, 41, 179, 13, 7225, 4335, 700, 0, 0, 0, 1500, 150, 150, 0, 0, 0, 0, 0, 0, 0, 14060, 13408, 'Tk. thirteen thousand four hundred eight.', 1, 1389500207, 1389500207, '192.168.15.90'),
(180, 1, 38, 180, 11, 7230, 4338, 700, 0, 0, 0, 1500, 150, 150, 0, 0, 0, 0, 0, 0, 0, 14068, 13416, 'Tk. thirteen thousand four hundred sixteen.', 1, 1389499921, 1389499921, '192.168.15.90'),
(181, 1, 41, 181, 13, 5845, 3507, 700, 0, 0, 0, 1500, 150, 150, 0, 0, 0, 0, 0, 0, 0, 11852, 11315, 'Tk. eleven thousand three hundred fifteen.', 1, 1389500272, 1389500272, '192.168.15.90'),
(182, 1, 53, 182, 16, 5190, 3300, 700, 0, 0, 0, 1500, 150, 150, 0, 0, 0, 0, 0, 0, 0, 10990, 10508, 'Tk. ten thousand five hundred eight.', 1, 1389517176, 1389517176, '192.168.15.92'),
(183, 1, 53, 183, 16, 5190, 3300, 700, 0, 0, 0, 1500, 150, 150, 0, 0, 0, 0, 0, 0, 0, 10990, 10508, 'Tk. ten thousand five hundred eight.', 1, 1389517225, 1389517225, '192.168.15.92'),
(184, 1, 60, 184, 16, 4965, 3227, 700, 0, 200, 0, 1500, 150, 150, 0, 0, 0, 0, 0, 0, 0, 10892, 10429, 'Tk. ten thousand four hundred twenty nine.', 1, 1389519180, 1389519180, '192.168.15.92'),
(185, 1, 55, 185, 16, 7425, 4455, 700, 0, 0, 0, 1500, 150, 150, 0, 0, 0, 0, 0, 0, 0, 14380, 13711, 'Tk. thirteen thousand seven hundred eleven.', 1, 1389592009, 1389592009, '192.168.15.92'),
(186, 1, 38, 186, 20, 7505, 4503, 700, 0, 200, 0, 1501, 150, 150, 0, 0, 0, 0, 0, 0, 0, 14709, 14034, 'Tk. fourteen thousand thirty four.', 1, 1389595371, 1389595371, '192.168.15.92'),
(187, 1, 34, 187, 10, 18500, 10175, 700, 0, 200, 0, 3700, 0, 0, 0, 0, 0, 0, 0, 0, 0, 33275, 31206, 'Tk. thirty one thousand two hundred six.', 1, 1389597529, 1389597529, '192.168.15.92'),
(188, 1, 22, 188, 6, 18000, 9900, 700, 0, 0, 0, 3600, 0, 0, 0, 0, 0, 0, 0, 0, 0, 32200, 30086, 'Tk. thirty thousand eighty six.', 1, 1389597466, 1389597466, '192.168.15.92'),
(189, 1, 3, 189, 3, 32300, 16150, 700, 0, 300, 0, 6000, 0, 0, 0, 0, 0, 600, 0, 0, 0, 56050, 52386, 'Tk. fifty two thousand three hundred eighty six.', 1, 1389597499, 1389597499, '192.168.15.92');

-- --------------------------------------------------------

--
-- Table structure for table `selection_times`
--

DROP TABLE IF EXISTS `selection_times`;
CREATE TABLE IF NOT EXISTS `selection_times` (
  `id` int(11) NOT NULL AUTO_INCREMENT,
  `user_id` int(11) NOT NULL,
  `employee_id` int(11) NOT NULL,
  `execution_date` int(11) NOT NULL,
  `previous_grade` int(11) NOT NULL,
  `previous_total_increment` decimal(10,0) NOT NULL,
  `previous_increment_number` int(11) NOT NULL,
  `status` tinyint(2) NOT NULL,
  `created` int(11) NOT NULL,
  `updated` int(11) NOT NULL,
  `terminal` varchar(20) COLLATE utf8_unicode_ci NOT NULL,
  PRIMARY KEY (`id`)
) ENGINE=InnoDB DEFAULT CHARSET=utf8 COLLATE=utf8_unicode_ci AUTO_INCREMENT=1 ;

--
-- Dumping data for table `selection_times`
--


-- --------------------------------------------------------

--
-- Table structure for table `settings`
--

DROP TABLE IF EXISTS `settings`;
CREATE TABLE IF NOT EXISTS `settings` (
  `id` int(11) NOT NULL AUTO_INCREMENT,
  `title` varchar(100) COLLATE utf8_unicode_ci NOT NULL,
  `admin_email` varchar(30) COLLATE utf8_unicode_ci NOT NULL,
  `copyright` text COLLATE utf8_unicode_ci NOT NULL,
  `pay_scale` varchar(255) COLLATE utf8_unicode_ci NOT NULL,
  `status` tinyint(2) NOT NULL,
  `created` int(11) NOT NULL,
  `updted` int(11) NOT NULL,
  `terminal` varchar(20) COLLATE utf8_unicode_ci NOT NULL,
  PRIMARY KEY (`id`)
) ENGINE=InnoDB  DEFAULT CHARSET=utf8 COLLATE=utf8_unicode_ci COMMENT='Application Basic Settings' AUTO_INCREMENT=2 ;

--
-- Dumping data for table `settings`
--

INSERT INTO `settings` (`id`, `title`, `admin_email`, `copyright`, `pay_scale`, `status`, `created`, `updted`, `terminal`) VALUES
(1, 'BARC - (Payroll)', 'admin@barc.gov.bd', 'Copyright  2013 Bangladesh Agricultural Research Council', 'National Pay Scale 2009', 1, 1379326029, 0, '');

-- --------------------------------------------------------

--
-- Table structure for table `users`
--

DROP TABLE IF EXISTS `users`;
CREATE TABLE IF NOT EXISTS `users` (
  `id` int(20) NOT NULL AUTO_INCREMENT,
  `first_name` varchar(50) COLLATE utf8_unicode_ci NOT NULL,
  `middle_name` varchar(255) COLLATE utf8_unicode_ci NOT NULL,
  `last_name` varchar(50) COLLATE utf8_unicode_ci NOT NULL,
  `user_name` varchar(20) COLLATE utf8_unicode_ci NOT NULL,
  `type` tinyint(2) NOT NULL COMMENT '1 = "Admin"',
  `dob` int(20) NOT NULL,
  `email` varchar(50) COLLATE utf8_unicode_ci NOT NULL,
  `password` varchar(255) COLLATE utf8_unicode_ci NOT NULL,
  `status` tinyint(2) NOT NULL COMMENT '0 = Inactive, 1 = Active',
  `sq` int(20) NOT NULL COMMENT 'Security Question',
  `ans` varchar(255) COLLATE utf8_unicode_ci NOT NULL COMMENT 'Security Answer',
  `key` varchar(255) COLLATE utf8_unicode_ci NOT NULL COMMENT 'security key',
  `created` int(20) NOT NULL,
  `terminal` varchar(20) COLLATE utf8_unicode_ci NOT NULL,
  PRIMARY KEY (`id`)
) ENGINE=MyISAM  DEFAULT CHARSET=utf8 COLLATE=utf8_unicode_ci COMMENT='User information table' AUTO_INCREMENT=8 ;

--
-- Dumping data for table `users`
--

INSERT INTO `users` (`id`, `first_name`, `middle_name`, `last_name`, `user_name`, `type`, `dob`, `email`, `password`, `status`, `sq`, `ans`, `key`, `created`, `terminal`) VALUES
(1, 'Bangladesh', 'Agricultural', 'Research Council', 'admin', 1, 1264204800, 'admin@barc.com', 'b4af804009cb036a4ccdc33431ef9ac9', 1, 0, '', '0', 1264204800, '127.0.0.1');

/*!40101 SET CHARACTER_SET_CLIENT=@OLD_CHARACTER_SET_CLIENT */;
/*!40101 SET CHARACTER_SET_RESULTS=@OLD_CHARACTER_SET_RESULTS */;
/*!40101 SET COLLATION_CONNECTION=@OLD_COLLATION_CONNECTION */;
